ranking_date,prompt_id,strategy_slug,strategy_id,ticker,score,strategy_rank
20260416,20260517,OpenAI__GPT5_3_Codex__LinearNeutral,20260517__OpenAI__GPT5_3_Codex__LinearNeutral,SCHW,1.79043342,1
20260416,20260517,OpenAI__GPT5_3_Codex__LinearNeutral,20260517__OpenAI__GPT5_3_Codex__LinearNeutral,ABT,1.49425986,2
20260416,20260517,OpenAI__GPT5_3_Codex__LinearNeutral,20260517__OpenAI__GPT5_3_Codex__LinearNeutral,TKO,1.31067287,3
20260416,20260517,OpenAI__GPT5_3_Codex__LinearNeutral,20260517__OpenAI__GPT5_3_Codex__LinearNeutral,RCL,1.19814641,4
20260416,20260517,OpenAI__GPT5_3_Codex__LinearNeutral,20260517__OpenAI__GPT5_3_Codex__LinearNeutral,GE,1.1848576,5
20260416,20260517,OpenAI__GPT5_3_Codex__LinearNeutral,20260517__OpenAI__GPT5_3_Codex__LinearNeutral,CCL,1.11790017,6
20260416,20260517,OpenAI__GPT5_3_Codex__LinearNeutral,20260517__OpenAI__GPT5_3_Codex__LinearNeutral,NCLH,1.00286403,7
20260416,20260517,OpenAI__GPT5_3_Codex__LinearNeutral,20260517__OpenAI__GPT5_3_Codex__LinearNeutral,IVZ,0.91378311,8
20260416,20260517,OpenAI__GPT5_3_Codex__LinearNeutral,20260517__OpenAI__GPT5_3_Codex__LinearNeutral,RVTY,0.89846015,9
20260416,20260517,OpenAI__GPT5_3_Codex__LinearNeutral,20260517__OpenAI__GPT5_3_Codex__LinearNeutral,MS,0.87892362,10
20260416,20260517,OpenAI__GPT5_3_Codex__LinearNeutral,20260517__OpenAI__GPT5_3_Codex__LinearNeutral,TDG,0.85151762,11
20260416,20260517,OpenAI__GPT5_3_Codex__LinearNeutral,20260517__OpenAI__GPT5_3_Codex__LinearNeutral,HOOD,0.8164218,12
20260416,20260517,OpenAI__GPT5_3_Codex__LinearNeutral,20260517__OpenAI__GPT5_3_Codex__LinearNeutral,MAA,0.81187189,13
20260416,20260517,OpenAI__GPT5_3_Codex__LinearNeutral,20260517__OpenAI__GPT5_3_Codex__LinearNeutral,RJF,0.80349773,14
20260416,20260517,OpenAI__GPT5_3_Codex__LinearNeutral,20260517__OpenAI__GPT5_3_Codex__LinearNeutral,AZO,0.8026262,15
20260416,20260517,OpenAI__GPT5_3_Codex__LinearNeutral,20260517__OpenAI__GPT5_3_Codex__LinearNeutral,IQV,0.7878365,16
20260416,20260517,OpenAI__GPT5_3_Codex__LinearNeutral,20260517__OpenAI__GPT5_3_Codex__LinearNeutral,BA,0.77608274,17
20260416,20260517,OpenAI__GPT5_3_Codex__LinearNeutral,20260517__OpenAI__GPT5_3_Codex__LinearNeutral,STT,0.77409054,18
20260416,20260517,OpenAI__GPT5_3_Codex__LinearNeutral,20260517__OpenAI__GPT5_3_Codex__LinearNeutral,BLK,0.76037015,19
20260416,20260517,OpenAI__GPT5_3_Codex__LinearNeutral,20260517__OpenAI__GPT5_3_Codex__LinearNeutral,MLM,0.7577896,20
20260416,20260517,OpenAI__GPT5_3_Codex__LinearNeutral,20260517__OpenAI__GPT5_3_Codex__LinearNeutral,NFLX,0.72167263,21
20260416,20260517,OpenAI__GPT5_3_Codex__LinearNeutral,20260517__OpenAI__GPT5_3_Codex__LinearNeutral,ISRG,0.68264799,22
20260416,20260517,OpenAI__GPT5_3_Codex__LinearNeutral,20260517__OpenAI__GPT5_3_Codex__LinearNeutral,ARES,0.67349112,23
20260416,20260517,OpenAI__GPT5_3_Codex__LinearNeutral,20260517__OpenAI__GPT5_3_Codex__LinearNeutral,CFG,0.669033,24
20260416,20260517,OpenAI__GPT5_3_Codex__LinearNeutral,20260517__OpenAI__GPT5_3_Codex__LinearNeutral,BK,0.66777859,25
20260416,20260517,OpenAI__GPT5_3_Codex__LinearNeutral,20260517__OpenAI__GPT5_3_Codex__LinearNeutral,USB,0.65390288,26
20260416,20260517,OpenAI__GPT5_3_Codex__LinearNeutral,20260517__OpenAI__GPT5_3_Codex__LinearNeutral,ALL,0.63318119,27
20260416,20260517,OpenAI__GPT5_3_Codex__LinearNeutral,20260517__OpenAI__GPT5_3_Codex__LinearNeutral,CVNA,0.62238908,28
20260416,20260517,OpenAI__GPT5_3_Codex__LinearNeutral,20260517__OpenAI__GPT5_3_Codex__LinearNeutral,VRT,0.61360718,29
20260416,20260517,OpenAI__GPT5_3_Codex__LinearNeutral,20260517__OpenAI__GPT5_3_Codex__LinearNeutral,AVY,0.60312144,30
20260416,20260517,OpenAI__GPT5_3_Codex__LinearNeutral,20260517__OpenAI__GPT5_3_Codex__LinearNeutral,MRK,0.59196411,31
20260416,20260517,OpenAI__GPT5_3_Codex__LinearNeutral,20260517__OpenAI__GPT5_3_Codex__LinearNeutral,JNJ,0.58259867,32
20260416,20260517,OpenAI__GPT5_3_Codex__LinearNeutral,20260517__OpenAI__GPT5_3_Codex__LinearNeutral,MTD,0.55330043,33
20260416,20260517,OpenAI__GPT5_3_Codex__LinearNeutral,20260517__OpenAI__GPT5_3_Codex__LinearNeutral,BDX,0.54723256,34
20260416,20260517,OpenAI__GPT5_3_Codex__LinearNeutral,20260517__OpenAI__GPT5_3_Codex__LinearNeutral,KEY,0.54207553,35
20260416,20260517,OpenAI__GPT5_3_Codex__LinearNeutral,20260517__OpenAI__GPT5_3_Codex__LinearNeutral,UDR,0.54161281,36
20260416,20260517,OpenAI__GPT5_3_Codex__LinearNeutral,20260517__OpenAI__GPT5_3_Codex__LinearNeutral,HWM,0.54037894,37
20260416,20260517,OpenAI__GPT5_3_Codex__LinearNeutral,20260517__OpenAI__GPT5_3_Codex__LinearNeutral,CPT,0.51570287,38
20260416,20260517,OpenAI__GPT5_3_Codex__LinearNeutral,20260517__OpenAI__GPT5_3_Codex__LinearNeutral,BAC,0.49987379,39
20260416,20260517,OpenAI__GPT5_3_Codex__LinearNeutral,20260517__OpenAI__GPT5_3_Codex__LinearNeutral,MDT,0.49853078,40
20260416,20260517,OpenAI__GPT5_3_Codex__LinearNeutral,20260517__OpenAI__GPT5_3_Codex__LinearNeutral,BX,0.49698859,41
20260416,20260517,OpenAI__GPT5_3_Codex__LinearNeutral,20260517__OpenAI__GPT5_3_Codex__LinearNeutral,INCY,0.4965844,42
20260416,20260517,OpenAI__GPT5_3_Codex__LinearNeutral,20260517__OpenAI__GPT5_3_Codex__LinearNeutral,RMD,0.49234274,43
20260416,20260517,OpenAI__GPT5_3_Codex__LinearNeutral,20260517__OpenAI__GPT5_3_Codex__LinearNeutral,SYF,0.49125637,44
20260416,20260517,OpenAI__GPT5_3_Codex__LinearNeutral,20260517__OpenAI__GPT5_3_Codex__LinearNeutral,APTV,0.48838815,45
20260416,20260517,OpenAI__GPT5_3_Codex__LinearNeutral,20260517__OpenAI__GPT5_3_Codex__LinearNeutral,GWW,0.48251077,46
20260416,20260517,OpenAI__GPT5_3_Codex__LinearNeutral,20260517__OpenAI__GPT5_3_Codex__LinearNeutral,EQR,0.47672599,47
20260416,20260517,OpenAI__GPT5_3_Codex__LinearNeutral,20260517__OpenAI__GPT5_3_Codex__LinearNeutral,FIX,0.47334102,48
20260416,20260517,OpenAI__GPT5_3_Codex__LinearNeutral,20260517__OpenAI__GPT5_3_Codex__LinearNeutral,GRMN,0.47225926,49
20260416,20260517,OpenAI__GPT5_3_Codex__LinearNeutral,20260517__OpenAI__GPT5_3_Codex__LinearNeutral,GD,0.46200732,50
20260416,20260517,OpenAI__GPT5_3_Codex__LinearNeutral,20260517__OpenAI__GPT5_3_Codex__LinearNeutral,YUM,0.45715492,51
20260416,20260517,OpenAI__GPT5_3_Codex__LinearNeutral,20260517__OpenAI__GPT5_3_Codex__LinearNeutral,ERIE,0.45688853,52
20260416,20260517,OpenAI__GPT5_3_Codex__LinearNeutral,20260517__OpenAI__GPT5_3_Codex__LinearNeutral,AXON,0.45216107,53
20260416,20260517,OpenAI__GPT5_3_Codex__LinearNeutral,20260517__OpenAI__GPT5_3_Codex__LinearNeutral,TECH,0.44725719,54
20260416,20260517,OpenAI__GPT5_3_Codex__LinearNeutral,20260517__OpenAI__GPT5_3_Codex__LinearNeutral,AAPL,0.44270466,55
20260416,20260517,OpenAI__GPT5_3_Codex__LinearNeutral,20260517__OpenAI__GPT5_3_Codex__LinearNeutral,DHR,0.44071101,56
20260416,20260517,OpenAI__GPT5_3_Codex__LinearNeutral,20260517__OpenAI__GPT5_3_Codex__LinearNeutral,TMO,0.43671367,57
20260416,20260517,OpenAI__GPT5_3_Codex__LinearNeutral,20260517__OpenAI__GPT5_3_Codex__LinearNeutral,VLTO,0.43386192,58
20260416,20260517,OpenAI__GPT5_3_Codex__LinearNeutral,20260517__OpenAI__GPT5_3_Codex__LinearNeutral,COO,0.42123044,59
20260416,20260517,OpenAI__GPT5_3_Codex__LinearNeutral,20260517__OpenAI__GPT5_3_Codex__LinearNeutral,DAL,0.41791406,60
20260416,20260517,OpenAI__GPT5_3_Codex__LinearNeutral,20260517__OpenAI__GPT5_3_Codex__LinearNeutral,RF,0.41518047,61
20260416,20260517,OpenAI__GPT5_3_Codex__LinearNeutral,20260517__OpenAI__GPT5_3_Codex__LinearNeutral,CRL,0.41514049,62
20260416,20260517,OpenAI__GPT5_3_Codex__LinearNeutral,20260517__OpenAI__GPT5_3_Codex__LinearNeutral,POOL,0.40798315,63
20260416,20260517,OpenAI__GPT5_3_Codex__LinearNeutral,20260517__OpenAI__GPT5_3_Codex__LinearNeutral,F,0.40763106,64
20260416,20260517,OpenAI__GPT5_3_Codex__LinearNeutral,20260517__OpenAI__GPT5_3_Codex__LinearNeutral,EXC,0.40614511,65
20260416,20260517,OpenAI__GPT5_3_Codex__LinearNeutral,20260517__OpenAI__GPT5_3_Codex__LinearNeutral,PPL,0.4016859,66
20260416,20260517,OpenAI__GPT5_3_Codex__LinearNeutral,20260517__OpenAI__GPT5_3_Codex__LinearNeutral,BALL,0.38818587,67
20260416,20260517,OpenAI__GPT5_3_Codex__LinearNeutral,20260517__OpenAI__GPT5_3_Codex__LinearNeutral,TJX,0.38427116,68
20260416,20260517,OpenAI__GPT5_3_Codex__LinearNeutral,20260517__OpenAI__GPT5_3_Codex__LinearNeutral,STE,0.38178617,69
20260416,20260517,OpenAI__GPT5_3_Codex__LinearNeutral,20260517__OpenAI__GPT5_3_Codex__LinearNeutral,FSLR,0.3779887,70
20260416,20260517,OpenAI__GPT5_3_Codex__LinearNeutral,20260517__OpenAI__GPT5_3_Codex__LinearNeutral,MET,0.37688283,71
20260416,20260517,OpenAI__GPT5_3_Codex__LinearNeutral,20260517__OpenAI__GPT5_3_Codex__LinearNeutral,LII,0.37670271,72
20260416,20260517,OpenAI__GPT5_3_Codex__LinearNeutral,20260517__OpenAI__GPT5_3_Codex__LinearNeutral,PLD,0.37462179,73
20260416,20260517,OpenAI__GPT5_3_Codex__LinearNeutral,20260517__OpenAI__GPT5_3_Codex__LinearNeutral,EPAM,0.36626872,74
20260416,20260517,OpenAI__GPT5_3_Codex__LinearNeutral,20260517__OpenAI__GPT5_3_Codex__LinearNeutral,INVH,0.36545735,75
20260416,20260517,OpenAI__GPT5_3_Codex__LinearNeutral,20260517__OpenAI__GPT5_3_Codex__LinearNeutral,EG,0.36503091,76
20260416,20260517,OpenAI__GPT5_3_Codex__LinearNeutral,20260517__OpenAI__GPT5_3_Codex__LinearNeutral,TFC,0.36458004,77
20260416,20260517,OpenAI__GPT5_3_Codex__LinearNeutral,20260517__OpenAI__GPT5_3_Codex__LinearNeutral,MAR,0.3611861,78
20260416,20260517,OpenAI__GPT5_3_Codex__LinearNeutral,20260517__OpenAI__GPT5_3_Codex__LinearNeutral,WM,0.35003576,79
20260416,20260517,OpenAI__GPT5_3_Codex__LinearNeutral,20260517__OpenAI__GPT5_3_Codex__LinearNeutral,LUV,0.34727971,80
20260416,20260517,OpenAI__GPT5_3_Codex__LinearNeutral,20260517__OpenAI__GPT5_3_Codex__LinearNeutral,A,0.339396,81
20260416,20260517,OpenAI__GPT5_3_Codex__LinearNeutral,20260517__OpenAI__GPT5_3_Codex__LinearNeutral,VRTX,0.33870829,82
20260416,20260517,OpenAI__GPT5_3_Codex__LinearNeutral,20260517__OpenAI__GPT5_3_Codex__LinearNeutral,HUBB,0.33676588,83
20260416,20260517,OpenAI__GPT5_3_Codex__LinearNeutral,20260517__OpenAI__GPT5_3_Codex__LinearNeutral,ESS,0.33464453,84
20260416,20260517,OpenAI__GPT5_3_Codex__LinearNeutral,20260517__OpenAI__GPT5_3_Codex__LinearNeutral,PPG,0.32968398,85
20260416,20260517,OpenAI__GPT5_3_Codex__LinearNeutral,20260517__OpenAI__GPT5_3_Codex__LinearNeutral,TSCO,0.32557685,86
20260416,20260517,OpenAI__GPT5_3_Codex__LinearNeutral,20260517__OpenAI__GPT5_3_Codex__LinearNeutral,WAT,0.31992859,87
20260416,20260517,OpenAI__GPT5_3_Codex__LinearNeutral,20260517__OpenAI__GPT5_3_Codex__LinearNeutral,PNC,0.31965458,88
20260416,20260517,OpenAI__GPT5_3_Codex__LinearNeutral,20260517__OpenAI__GPT5_3_Codex__LinearNeutral,C,0.31801424,89
20260416,20260517,OpenAI__GPT5_3_Codex__LinearNeutral,20260517__OpenAI__GPT5_3_Codex__LinearNeutral,NVR,0.31395837,90
20260416,20260517,OpenAI__GPT5_3_Codex__LinearNeutral,20260517__OpenAI__GPT5_3_Codex__LinearNeutral,DTE,0.3134043,91
20260416,20260517,OpenAI__GPT5_3_Codex__LinearNeutral,20260517__OpenAI__GPT5_3_Codex__LinearNeutral,IBKR,0.31184521,92
20260416,20260517,OpenAI__GPT5_3_Codex__LinearNeutral,20260517__OpenAI__GPT5_3_Codex__LinearNeutral,J,0.31181973,93
20260416,20260517,OpenAI__GPT5_3_Codex__LinearNeutral,20260517__OpenAI__GPT5_3_Codex__LinearNeutral,AMP,0.30833925,94
20260416,20260517,OpenAI__GPT5_3_Codex__LinearNeutral,20260517__OpenAI__GPT5_3_Codex__LinearNeutral,NTRS,0.30569819,95
20260416,20260517,OpenAI__GPT5_3_Codex__LinearNeutral,20260517__OpenAI__GPT5_3_Codex__LinearNeutral,DASH,0.30389111,96
20260416,20260517,OpenAI__GPT5_3_Codex__LinearNeutral,20260517__OpenAI__GPT5_3_Codex__LinearNeutral,REG,0.30220119,97
20260416,20260517,OpenAI__GPT5_3_Codex__LinearNeutral,20260517__OpenAI__GPT5_3_Codex__LinearNeutral,ZTS,0.29283391,98
20260416,20260517,OpenAI__GPT5_3_Codex__LinearNeutral,20260517__OpenAI__GPT5_3_Codex__LinearNeutral,WAB,0.2916119,99
20260416,20260517,OpenAI__GPT5_3_Codex__LinearNeutral,20260517__OpenAI__GPT5_3_Codex__LinearNeutral,LDOS,0.29076618,100
20260416,20260517,OpenAI__GPT5_3_Codex__LinearNeutral,20260517__OpenAI__GPT5_3_Codex__LinearNeutral,VEEV,0.28968857,101
20260416,20260517,OpenAI__GPT5_3_Codex__LinearNeutral,20260517__OpenAI__GPT5_3_Codex__LinearNeutral,VRSN,0.28800327,102
20260416,20260517,OpenAI__GPT5_3_Codex__LinearNeutral,20260517__OpenAI__GPT5_3_Codex__LinearNeutral,TT,0.27741189,103
20260416,20260517,OpenAI__GPT5_3_Codex__LinearNeutral,20260517__OpenAI__GPT5_3_Codex__LinearNeutral,APO,0.27521548,104
20260416,20260517,OpenAI__GPT5_3_Codex__LinearNeutral,20260517__OpenAI__GPT5_3_Codex__LinearNeutral,KKR,0.27502551,105
20260416,20260517,OpenAI__GPT5_3_Codex__LinearNeutral,20260517__OpenAI__GPT5_3_Codex__LinearNeutral,CMG,0.27435561,106
20260416,20260517,OpenAI__GPT5_3_Codex__LinearNeutral,20260517__OpenAI__GPT5_3_Codex__LinearNeutral,DDOG,0.27411895,107
20260416,20260517,OpenAI__GPT5_3_Codex__LinearNeutral,20260517__OpenAI__GPT5_3_Codex__LinearNeutral,GLW,0.27286914,108
20260416,20260517,OpenAI__GPT5_3_Codex__LinearNeutral,20260517__OpenAI__GPT5_3_Codex__LinearNeutral,AVB,0.26775183,109
20260416,20260517,OpenAI__GPT5_3_Codex__LinearNeutral,20260517__OpenAI__GPT5_3_Codex__LinearNeutral,RTX,0.26690475,110
20260416,20260517,OpenAI__GPT5_3_Codex__LinearNeutral,20260517__OpenAI__GPT5_3_Codex__LinearNeutral,VMC,0.26655245,111
20260416,20260517,OpenAI__GPT5_3_Codex__LinearNeutral,20260517__OpenAI__GPT5_3_Codex__LinearNeutral,BIIB,0.26369685,112
20260416,20260517,OpenAI__GPT5_3_Codex__LinearNeutral,20260517__OpenAI__GPT5_3_Codex__LinearNeutral,SOLV,0.25771387,113
20260416,20260517,OpenAI__GPT5_3_Codex__LinearNeutral,20260517__OpenAI__GPT5_3_Codex__LinearNeutral,FE,0.25768095,114
20260416,20260517,OpenAI__GPT5_3_Codex__LinearNeutral,20260517__OpenAI__GPT5_3_Codex__LinearNeutral,HBAN,0.25544345,115
20260416,20260517,OpenAI__GPT5_3_Codex__LinearNeutral,20260517__OpenAI__GPT5_3_Codex__LinearNeutral,ICE,0.25076143,116
20260416,20260517,OpenAI__GPT5_3_Codex__LinearNeutral,20260517__OpenAI__GPT5_3_Codex__LinearNeutral,HIG,0.24525867,117
20260416,20260517,OpenAI__GPT5_3_Codex__LinearNeutral,20260517__OpenAI__GPT5_3_Codex__LinearNeutral,TDY,0.24114765,118
20260416,20260517,OpenAI__GPT5_3_Codex__LinearNeutral,20260517__OpenAI__GPT5_3_Codex__LinearNeutral,ULTA,0.23602782,119
20260416,20260517,OpenAI__GPT5_3_Codex__LinearNeutral,20260517__OpenAI__GPT5_3_Codex__LinearNeutral,BEN,0.23380971,120
20260416,20260517,OpenAI__GPT5_3_Codex__LinearNeutral,20260517__OpenAI__GPT5_3_Codex__LinearNeutral,GOOG,0.2329822,121
20260416,20260517,OpenAI__GPT5_3_Codex__LinearNeutral,20260517__OpenAI__GPT5_3_Codex__LinearNeutral,ECL,0.23162849,122
20260416,20260517,OpenAI__GPT5_3_Codex__LinearNeutral,20260517__OpenAI__GPT5_3_Codex__LinearNeutral,ALLE,0.23161023,123
20260416,20260517,OpenAI__GPT5_3_Codex__LinearNeutral,20260517__OpenAI__GPT5_3_Codex__LinearNeutral,TAP,0.22993643,124
20260416,20260517,OpenAI__GPT5_3_Codex__LinearNeutral,20260517__OpenAI__GPT5_3_Codex__LinearNeutral,JBHT,0.22933392,125
20260416,20260517,OpenAI__GPT5_3_Codex__LinearNeutral,20260517__OpenAI__GPT5_3_Codex__LinearNeutral,BLDR,0.22697644,126
20260416,20260517,OpenAI__GPT5_3_Codex__LinearNeutral,20260517__OpenAI__GPT5_3_Codex__LinearNeutral,PFG,0.22470416,127
20260416,20260517,OpenAI__GPT5_3_Codex__LinearNeutral,20260517__OpenAI__GPT5_3_Codex__LinearNeutral,DXCM,0.22192812,128
20260416,20260517,OpenAI__GPT5_3_Codex__LinearNeutral,20260517__OpenAI__GPT5_3_Codex__LinearNeutral,ETR,0.22109907,129
20260416,20260517,OpenAI__GPT5_3_Codex__LinearNeutral,20260517__OpenAI__GPT5_3_Codex__LinearNeutral,HON,0.21919365,130
20260416,20260517,OpenAI__GPT5_3_Codex__LinearNeutral,20260517__OpenAI__GPT5_3_Codex__LinearNeutral,TRV,0.21759075,131
20260416,20260517,OpenAI__GPT5_3_Codex__LinearNeutral,20260517__OpenAI__GPT5_3_Codex__LinearNeutral,WY,0.21315186,132
20260416,20260517,OpenAI__GPT5_3_Codex__LinearNeutral,20260517__OpenAI__GPT5_3_Codex__LinearNeutral,DGX,0.21303045,133
20260416,20260517,OpenAI__GPT5_3_Codex__LinearNeutral,20260517__OpenAI__GPT5_3_Codex__LinearNeutral,PCG,0.21248337,134
20260416,20260517,OpenAI__GPT5_3_Codex__LinearNeutral,20260517__OpenAI__GPT5_3_Codex__LinearNeutral,MSFT,0.20992063,135
20260416,20260517,OpenAI__GPT5_3_Codex__LinearNeutral,20260517__OpenAI__GPT5_3_Codex__LinearNeutral,BRK-B,0.20915449,136
20260416,20260517,OpenAI__GPT5_3_Codex__LinearNeutral,20260517__OpenAI__GPT5_3_Codex__LinearNeutral,EMR,0.20911345,137
20260416,20260517,OpenAI__GPT5_3_Codex__LinearNeutral,20260517__OpenAI__GPT5_3_Codex__LinearNeutral,AMZN,0.20846736,138
20260416,20260517,OpenAI__GPT5_3_Codex__LinearNeutral,20260517__OpenAI__GPT5_3_Codex__LinearNeutral,AWK,0.20268959,139
20260416,20260517,OpenAI__GPT5_3_Codex__LinearNeutral,20260517__OpenAI__GPT5_3_Codex__LinearNeutral,SPG,0.20043854,140
20260416,20260517,OpenAI__GPT5_3_Codex__LinearNeutral,20260517__OpenAI__GPT5_3_Codex__LinearNeutral,EME,0.19963842,141
20260416,20260517,OpenAI__GPT5_3_Codex__LinearNeutral,20260517__OpenAI__GPT5_3_Codex__LinearNeutral,CB,0.19959364,142
20260416,20260517,OpenAI__GPT5_3_Codex__LinearNeutral,20260517__OpenAI__GPT5_3_Codex__LinearNeutral,MTB,0.19597017,143
20260416,20260517,OpenAI__GPT5_3_Codex__LinearNeutral,20260517__OpenAI__GPT5_3_Codex__LinearNeutral,HCA,0.1937061,144
20260416,20260517,OpenAI__GPT5_3_Codex__LinearNeutral,20260517__OpenAI__GPT5_3_Codex__LinearNeutral,NI,0.18982455,145
20260416,20260517,OpenAI__GPT5_3_Codex__LinearNeutral,20260517__OpenAI__GPT5_3_Codex__LinearNeutral,TSLA,0.18921021,146
20260416,20260517,OpenAI__GPT5_3_Codex__LinearNeutral,20260517__OpenAI__GPT5_3_Codex__LinearNeutral,AES,0.18883232,147
20260416,20260517,OpenAI__GPT5_3_Codex__LinearNeutral,20260517__OpenAI__GPT5_3_Codex__LinearNeutral,NOC,0.18873568,148
20260416,20260517,OpenAI__GPT5_3_Codex__LinearNeutral,20260517__OpenAI__GPT5_3_Codex__LinearNeutral,DRI,0.18123686,149
20260416,20260517,OpenAI__GPT5_3_Codex__LinearNeutral,20260517__OpenAI__GPT5_3_Codex__LinearNeutral,CTVA,0.17802649,150
20260416,20260517,OpenAI__GPT5_3_Codex__LinearNeutral,20260517__OpenAI__GPT5_3_Codex__LinearNeutral,GOOGL,0.17602486,151
20260416,20260517,OpenAI__GPT5_3_Codex__LinearNeutral,20260517__OpenAI__GPT5_3_Codex__LinearNeutral,AOS,0.17415867,152
20260416,20260517,OpenAI__GPT5_3_Codex__LinearNeutral,20260517__OpenAI__GPT5_3_Codex__LinearNeutral,DLTR,0.17384187,153
20260416,20260517,OpenAI__GPT5_3_Codex__LinearNeutral,20260517__OpenAI__GPT5_3_Codex__LinearNeutral,ACGL,0.17214696,154
20260416,20260517,OpenAI__GPT5_3_Codex__LinearNeutral,20260517__OpenAI__GPT5_3_Codex__LinearNeutral,COF,0.17203171,155
20260416,20260517,OpenAI__GPT5_3_Codex__LinearNeutral,20260517__OpenAI__GPT5_3_Codex__LinearNeutral,SYK,0.16955486,156
20260416,20260517,OpenAI__GPT5_3_Codex__LinearNeutral,20260517__OpenAI__GPT5_3_Codex__LinearNeutral,LOW,0.16703155,157
20260416,20260517,OpenAI__GPT5_3_Codex__LinearNeutral,20260517__OpenAI__GPT5_3_Codex__LinearNeutral,LRCX,0.16005335,158
20260416,20260517,OpenAI__GPT5_3_Codex__LinearNeutral,20260517__OpenAI__GPT5_3_Codex__LinearNeutral,UBER,0.15888973,159
20260416,20260517,OpenAI__GPT5_3_Codex__LinearNeutral,20260517__OpenAI__GPT5_3_Codex__LinearNeutral,CASY,0.15767355,160
20260416,20260517,OpenAI__GPT5_3_Codex__LinearNeutral,20260517__OpenAI__GPT5_3_Codex__LinearNeutral,IDXX,0.15737159,161
20260416,20260517,OpenAI__GPT5_3_Codex__LinearNeutral,20260517__OpenAI__GPT5_3_Codex__LinearNeutral,FITB,0.15667733,162
20260416,20260517,OpenAI__GPT5_3_Codex__LinearNeutral,20260517__OpenAI__GPT5_3_Codex__LinearNeutral,SW,0.15638111,163
20260416,20260517,OpenAI__GPT5_3_Codex__LinearNeutral,20260517__OpenAI__GPT5_3_Codex__LinearNeutral,CRH,0.15515687,164
20260416,20260517,OpenAI__GPT5_3_Codex__LinearNeutral,20260517__OpenAI__GPT5_3_Codex__LinearNeutral,EA,0.15489665,165
20260416,20260517,OpenAI__GPT5_3_Codex__LinearNeutral,20260517__OpenAI__GPT5_3_Codex__LinearNeutral,AIZ,0.15268463,166
20260416,20260517,OpenAI__GPT5_3_Codex__LinearNeutral,20260517__OpenAI__GPT5_3_Codex__LinearNeutral,LHX,0.15060042,167
20260416,20260517,OpenAI__GPT5_3_Codex__LinearNeutral,20260517__OpenAI__GPT5_3_Codex__LinearNeutral,ATO,0.14849489,168
20260416,20260517,OpenAI__GPT5_3_Codex__LinearNeutral,20260517__OpenAI__GPT5_3_Codex__LinearNeutral,WBD,0.14427418,169
20260416,20260517,OpenAI__GPT5_3_Codex__LinearNeutral,20260517__OpenAI__GPT5_3_Codex__LinearNeutral,NRG,0.14201652,170
20260416,20260517,OpenAI__GPT5_3_Codex__LinearNeutral,20260517__OpenAI__GPT5_3_Codex__LinearNeutral,ZBRA,0.13918747,171
20260416,20260517,OpenAI__GPT5_3_Codex__LinearNeutral,20260517__OpenAI__GPT5_3_Codex__LinearNeutral,SNA,0.13640964,172
20260416,20260517,OpenAI__GPT5_3_Codex__LinearNeutral,20260517__OpenAI__GPT5_3_Codex__LinearNeutral,APP,0.13567846,173
20260416,20260517,OpenAI__GPT5_3_Codex__LinearNeutral,20260517__OpenAI__GPT5_3_Codex__LinearNeutral,CMS,0.1354457,174
20260416,20260517,OpenAI__GPT5_3_Codex__LinearNeutral,20260517__OpenAI__GPT5_3_Codex__LinearNeutral,V,0.13512894,175
20260416,20260517,OpenAI__GPT5_3_Codex__LinearNeutral,20260517__OpenAI__GPT5_3_Codex__LinearNeutral,BSX,0.13473185,176
20260416,20260517,OpenAI__GPT5_3_Codex__LinearNeutral,20260517__OpenAI__GPT5_3_Codex__LinearNeutral,NUE,0.13317647,177
20260416,20260517,OpenAI__GPT5_3_Codex__LinearNeutral,20260517__OpenAI__GPT5_3_Codex__LinearNeutral,SRE,0.13173017,178
20260416,20260517,OpenAI__GPT5_3_Codex__LinearNeutral,20260517__OpenAI__GPT5_3_Codex__LinearNeutral,D,0.13158201,179
20260416,20260517,OpenAI__GPT5_3_Codex__LinearNeutral,20260517__OpenAI__GPT5_3_Codex__LinearNeutral,PNW,0.12988444,180
20260416,20260517,OpenAI__GPT5_3_Codex__LinearNeutral,20260517__OpenAI__GPT5_3_Codex__LinearNeutral,KIM,0.12957135,181
20260416,20260517,OpenAI__GPT5_3_Codex__LinearNeutral,20260517__OpenAI__GPT5_3_Codex__LinearNeutral,EVRG,0.1285786,182
20260416,20260517,OpenAI__GPT5_3_Codex__LinearNeutral,20260517__OpenAI__GPT5_3_Codex__LinearNeutral,ORLY,0.12676349,183
20260416,20260517,OpenAI__GPT5_3_Codex__LinearNeutral,20260517__OpenAI__GPT5_3_Codex__LinearNeutral,PEP,0.12516547,184
20260416,20260517,OpenAI__GPT5_3_Codex__LinearNeutral,20260517__OpenAI__GPT5_3_Codex__LinearNeutral,AXP,0.12512474,185
20260416,20260517,OpenAI__GPT5_3_Codex__LinearNeutral,20260517__OpenAI__GPT5_3_Codex__LinearNeutral,WDAY,0.12441277,186
20260416,20260517,OpenAI__GPT5_3_Codex__LinearNeutral,20260517__OpenAI__GPT5_3_Codex__LinearNeutral,LLY,0.11946904,187
20260416,20260517,OpenAI__GPT5_3_Codex__LinearNeutral,20260517__OpenAI__GPT5_3_Codex__LinearNeutral,FCX,0.11738295,188
20260416,20260517,OpenAI__GPT5_3_Codex__LinearNeutral,20260517__OpenAI__GPT5_3_Codex__LinearNeutral,AVGO,0.11737096,189
20260416,20260517,OpenAI__GPT5_3_Codex__LinearNeutral,20260517__OpenAI__GPT5_3_Codex__LinearNeutral,LH,0.11209674,190
20260416,20260517,OpenAI__GPT5_3_Codex__LinearNeutral,20260517__OpenAI__GPT5_3_Codex__LinearNeutral,INTU,0.10742219,191
20260416,20260517,OpenAI__GPT5_3_Codex__LinearNeutral,20260517__OpenAI__GPT5_3_Codex__LinearNeutral,MA,0.10697922,192
20260416,20260517,OpenAI__GPT5_3_Codex__LinearNeutral,20260517__OpenAI__GPT5_3_Codex__LinearNeutral,AEP,0.10485798,193
20260416,20260517,OpenAI__GPT5_3_Codex__LinearNeutral,20260517__OpenAI__GPT5_3_Codex__LinearNeutral,RSG,0.10439728,194
20260416,20260517,OpenAI__GPT5_3_Codex__LinearNeutral,20260517__OpenAI__GPT5_3_Codex__LinearNeutral,SYY,0.10435576,195
20260416,20260517,OpenAI__GPT5_3_Codex__LinearNeutral,20260517__OpenAI__GPT5_3_Codex__LinearNeutral,HST,0.10142805,196
20260416,20260517,OpenAI__GPT5_3_Codex__LinearNeutral,20260517__OpenAI__GPT5_3_Codex__LinearNeutral,SJM,0.09528685,197
20260416,20260517,OpenAI__GPT5_3_Codex__LinearNeutral,20260517__OpenAI__GPT5_3_Codex__LinearNeutral,NVDA,0.09434744,198
20260416,20260517,OpenAI__GPT5_3_Codex__LinearNeutral,20260517__OpenAI__GPT5_3_Codex__LinearNeutral,ADBE,0.09379307,199
20260416,20260517,OpenAI__GPT5_3_Codex__LinearNeutral,20260517__OpenAI__GPT5_3_Codex__LinearNeutral,CME,0.09105235,200
20260416,20260517,OpenAI__GPT5_3_Codex__LinearNeutral,20260517__OpenAI__GPT5_3_Codex__LinearNeutral,XYL,0.09079657,201
20260416,20260517,OpenAI__GPT5_3_Codex__LinearNeutral,20260517__OpenAI__GPT5_3_Codex__LinearNeutral,L,0.08910311,202
20260416,20260517,OpenAI__GPT5_3_Codex__LinearNeutral,20260517__OpenAI__GPT5_3_Codex__LinearNeutral,KDP,0.08890327,203
20260416,20260517,OpenAI__GPT5_3_Codex__LinearNeutral,20260517__OpenAI__GPT5_3_Codex__LinearNeutral,CPRT,0.0846182,204
20260416,20260517,OpenAI__GPT5_3_Codex__LinearNeutral,20260517__OpenAI__GPT5_3_Codex__LinearNeutral,KEYS,0.084233,205
20260416,20260517,OpenAI__GPT5_3_Codex__LinearNeutral,20260517__OpenAI__GPT5_3_Codex__LinearNeutral,TEL,0.08163355,206
20260416,20260517,OpenAI__GPT5_3_Codex__LinearNeutral,20260517__OpenAI__GPT5_3_Codex__LinearNeutral,FTV,0.08081345,207
20260416,20260517,OpenAI__GPT5_3_Codex__LinearNeutral,20260517__OpenAI__GPT5_3_Codex__LinearNeutral,WYNN,0.0775477,208
20260416,20260517,OpenAI__GPT5_3_Codex__LinearNeutral,20260517__OpenAI__GPT5_3_Codex__LinearNeutral,CBRE,0.07621724,209
20260416,20260517,OpenAI__GPT5_3_Codex__LinearNeutral,20260517__OpenAI__GPT5_3_Codex__LinearNeutral,TTWO,0.07503082,210
20260416,20260517,OpenAI__GPT5_3_Codex__LinearNeutral,20260517__OpenAI__GPT5_3_Codex__LinearNeutral,LNT,0.07384613,211
20260416,20260517,OpenAI__GPT5_3_Codex__LinearNeutral,20260517__OpenAI__GPT5_3_Codex__LinearNeutral,KLAC,0.07345404,212
20260416,20260517,OpenAI__GPT5_3_Codex__LinearNeutral,20260517__OpenAI__GPT5_3_Codex__LinearNeutral,PH,0.07255578,213
20260416,20260517,OpenAI__GPT5_3_Codex__LinearNeutral,20260517__OpenAI__GPT5_3_Codex__LinearNeutral,ROP,0.07202811,214
20260416,20260517,OpenAI__GPT5_3_Codex__LinearNeutral,20260517__OpenAI__GPT5_3_Codex__LinearNeutral,ROST,0.07120221,215
20260416,20260517,OpenAI__GPT5_3_Codex__LinearNeutral,20260517__OpenAI__GPT5_3_Codex__LinearNeutral,MAS,0.06616032,216
20260416,20260517,OpenAI__GPT5_3_Codex__LinearNeutral,20260517__OpenAI__GPT5_3_Codex__LinearNeutral,NDSN,0.06504137,217
20260416,20260517,OpenAI__GPT5_3_Codex__LinearNeutral,20260517__OpenAI__GPT5_3_Codex__LinearNeutral,HSIC,0.0642004,218
20260416,20260517,OpenAI__GPT5_3_Codex__LinearNeutral,20260517__OpenAI__GPT5_3_Codex__LinearNeutral,PRU,0.06200421,219
20260416,20260517,OpenAI__GPT5_3_Codex__LinearNeutral,20260517__OpenAI__GPT5_3_Codex__LinearNeutral,NSC,0.06010687,220
20260416,20260517,OpenAI__GPT5_3_Codex__LinearNeutral,20260517__OpenAI__GPT5_3_Codex__LinearNeutral,BKNG,0.0525068,221
20260416,20260517,OpenAI__GPT5_3_Codex__LinearNeutral,20260517__OpenAI__GPT5_3_Codex__LinearNeutral,PCAR,0.05171375,222
20260416,20260517,OpenAI__GPT5_3_Codex__LinearNeutral,20260517__OpenAI__GPT5_3_Codex__LinearNeutral,FANG,0.0512961,223
20260416,20260517,OpenAI__GPT5_3_Codex__LinearNeutral,20260517__OpenAI__GPT5_3_Codex__LinearNeutral,REGN,0.05121189,224
20260416,20260517,OpenAI__GPT5_3_Codex__LinearNeutral,20260517__OpenAI__GPT5_3_Codex__LinearNeutral,DOV,0.04595895,225
20260416,20260517,OpenAI__GPT5_3_Codex__LinearNeutral,20260517__OpenAI__GPT5_3_Codex__LinearNeutral,WMT,0.04524954,226
20260416,20260517,OpenAI__GPT5_3_Codex__LinearNeutral,20260517__OpenAI__GPT5_3_Codex__LinearNeutral,WDC,0.03977387,227
20260416,20260517,OpenAI__GPT5_3_Codex__LinearNeutral,20260517__OpenAI__GPT5_3_Codex__LinearNeutral,CINF,0.03950945,228
20260416,20260517,OpenAI__GPT5_3_Codex__LinearNeutral,20260517__OpenAI__GPT5_3_Codex__LinearNeutral,WFC,0.03926483,229
20260416,20260517,OpenAI__GPT5_3_Codex__LinearNeutral,20260517__OpenAI__GPT5_3_Codex__LinearNeutral,CHD,0.03799004,230
20260416,20260517,OpenAI__GPT5_3_Codex__LinearNeutral,20260517__OpenAI__GPT5_3_Codex__LinearNeutral,EW,0.03659873,231
20260416,20260517,OpenAI__GPT5_3_Codex__LinearNeutral,20260517__OpenAI__GPT5_3_Codex__LinearNeutral,WEC,0.03468917,232
20260416,20260517,OpenAI__GPT5_3_Codex__LinearNeutral,20260517__OpenAI__GPT5_3_Codex__LinearNeutral,MCO,0.03098316,233
20260416,20260517,OpenAI__GPT5_3_Codex__LinearNeutral,20260517__OpenAI__GPT5_3_Codex__LinearNeutral,SLB,0.02978188,234
20260416,20260517,OpenAI__GPT5_3_Codex__LinearNeutral,20260517__OpenAI__GPT5_3_Codex__LinearNeutral,ETN,0.02946537,235
20260416,20260517,OpenAI__GPT5_3_Codex__LinearNeutral,20260517__OpenAI__GPT5_3_Codex__LinearNeutral,AMAT,0.02862527,236
20260416,20260517,OpenAI__GPT5_3_Codex__LinearNeutral,20260517__OpenAI__GPT5_3_Codex__LinearNeutral,WSM,0.02375568,237
20260416,20260517,OpenAI__GPT5_3_Codex__LinearNeutral,20260517__OpenAI__GPT5_3_Codex__LinearNeutral,WST,0.02364986,238
20260416,20260517,OpenAI__GPT5_3_Codex__LinearNeutral,20260517__OpenAI__GPT5_3_Codex__LinearNeutral,ARE,0.02263734,239
20260416,20260517,OpenAI__GPT5_3_Codex__LinearNeutral,20260517__OpenAI__GPT5_3_Codex__LinearNeutral,TPR,0.02095746,240
20260416,20260517,OpenAI__GPT5_3_Codex__LinearNeutral,20260517__OpenAI__GPT5_3_Codex__LinearNeutral,FRT,0.01927136,241
20260416,20260517,OpenAI__GPT5_3_Codex__LinearNeutral,20260517__OpenAI__GPT5_3_Codex__LinearNeutral,HAS,0.01827988,242
20260416,20260517,OpenAI__GPT5_3_Codex__LinearNeutral,20260517__OpenAI__GPT5_3_Codex__LinearNeutral,IP,0.01745683,243
20260416,20260517,OpenAI__GPT5_3_Codex__LinearNeutral,20260517__OpenAI__GPT5_3_Codex__LinearNeutral,DOC,0.01741233,244
20260416,20260517,OpenAI__GPT5_3_Codex__LinearNeutral,20260517__OpenAI__GPT5_3_Codex__LinearNeutral,GL,0.0169103,245
20260416,20260517,OpenAI__GPT5_3_Codex__LinearNeutral,20260517__OpenAI__GPT5_3_Codex__LinearNeutral,AIG,0.01291184,246
20260416,20260517,OpenAI__GPT5_3_Codex__LinearNeutral,20260517__OpenAI__GPT5_3_Codex__LinearNeutral,CMI,0.01228504,247
20260416,20260517,OpenAI__GPT5_3_Codex__LinearNeutral,20260517__OpenAI__GPT5_3_Codex__LinearNeutral,HD,0.01152667,248
20260416,20260517,OpenAI__GPT5_3_Codex__LinearNeutral,20260517__OpenAI__GPT5_3_Codex__LinearNeutral,DHI,0.01098678,249
20260416,20260517,OpenAI__GPT5_3_Codex__LinearNeutral,20260517__OpenAI__GPT5_3_Codex__LinearNeutral,EXPE,0.01066257,250
20260416,20260517,OpenAI__GPT5_3_Codex__LinearNeutral,20260517__OpenAI__GPT5_3_Codex__LinearNeutral,DIS,0.00939648,251
20260416,20260517,OpenAI__GPT5_3_Codex__LinearNeutral,20260517__OpenAI__GPT5_3_Codex__LinearNeutral,KMI,0.00705403,252
20260416,20260517,OpenAI__GPT5_3_Codex__LinearNeutral,20260517__OpenAI__GPT5_3_Codex__LinearNeutral,IFF,0.0070131,253
20260416,20260517,OpenAI__GPT5_3_Codex__LinearNeutral,20260517__OpenAI__GPT5_3_Codex__LinearNeutral,CDNS,0.00660491,254
20260416,20260517,OpenAI__GPT5_3_Codex__LinearNeutral,20260517__OpenAI__GPT5_3_Codex__LinearNeutral,CSX,0.00506207,255
20260416,20260517,OpenAI__GPT5_3_Codex__LinearNeutral,20260517__OpenAI__GPT5_3_Codex__LinearNeutral,RL,0.00457662,256
20260416,20260517,OpenAI__GPT5_3_Codex__LinearNeutral,20260517__OpenAI__GPT5_3_Codex__LinearNeutral,ED,0.00384985,257
20260416,20260517,OpenAI__GPT5_3_Codex__LinearNeutral,20260517__OpenAI__GPT5_3_Codex__LinearNeutral,HSY,0.00223308,258
20260416,20260517,OpenAI__GPT5_3_Codex__LinearNeutral,20260517__OpenAI__GPT5_3_Codex__LinearNeutral,IEX,0.0017423,259
20260416,20260517,OpenAI__GPT5_3_Codex__LinearNeutral,20260517__OpenAI__GPT5_3_Codex__LinearNeutral,GS,-4e-06,260
20260416,20260517,OpenAI__GPT5_3_Codex__LinearNeutral,20260517__OpenAI__GPT5_3_Codex__LinearNeutral,EQIX,-0.00371518,261
20260416,20260517,OpenAI__GPT5_3_Codex__LinearNeutral,20260517__OpenAI__GPT5_3_Codex__LinearNeutral,HUM,-0.00584173,262
20260416,20260517,OpenAI__GPT5_3_Codex__LinearNeutral,20260517__OpenAI__GPT5_3_Codex__LinearNeutral,CLX,-0.00866567,263
20260416,20260517,OpenAI__GPT5_3_Codex__LinearNeutral,20260517__OpenAI__GPT5_3_Codex__LinearNeutral,NDAQ,-0.01172874,264
20260416,20260517,OpenAI__GPT5_3_Codex__LinearNeutral,20260517__OpenAI__GPT5_3_Codex__LinearNeutral,GEV,-0.01173594,265
20260416,20260517,OpenAI__GPT5_3_Codex__LinearNeutral,20260517__OpenAI__GPT5_3_Codex__LinearNeutral,GEHC,-0.01298705,266
20260416,20260517,OpenAI__GPT5_3_Codex__LinearNeutral,20260517__OpenAI__GPT5_3_Codex__LinearNeutral,UNP,-0.01343851,267
20260416,20260517,OpenAI__GPT5_3_Codex__LinearNeutral,20260517__OpenAI__GPT5_3_Codex__LinearNeutral,MSCI,-0.01419398,268
20260416,20260517,OpenAI__GPT5_3_Codex__LinearNeutral,20260517__OpenAI__GPT5_3_Codex__LinearNeutral,VICI,-0.01536986,269
20260416,20260517,OpenAI__GPT5_3_Codex__LinearNeutral,20260517__OpenAI__GPT5_3_Codex__LinearNeutral,UHS,-0.01587225,270
20260416,20260517,OpenAI__GPT5_3_Codex__LinearNeutral,20260517__OpenAI__GPT5_3_Codex__LinearNeutral,WMB,-0.01662957,271
20260416,20260517,OpenAI__GPT5_3_Codex__LinearNeutral,20260517__OpenAI__GPT5_3_Codex__LinearNeutral,KO,-0.01684772,272
20260416,20260517,OpenAI__GPT5_3_Codex__LinearNeutral,20260517__OpenAI__GPT5_3_Codex__LinearNeutral,DECK,-0.01766618,273
20260416,20260517,OpenAI__GPT5_3_Codex__LinearNeutral,20260517__OpenAI__GPT5_3_Codex__LinearNeutral,MMM,-0.02484771,274
20260416,20260517,OpenAI__GPT5_3_Codex__LinearNeutral,20260517__OpenAI__GPT5_3_Codex__LinearNeutral,TROW,-0.02678366,275
20260416,20260517,OpenAI__GPT5_3_Codex__LinearNeutral,20260517__OpenAI__GPT5_3_Codex__LinearNeutral,PWR,-0.02702479,276
20260416,20260517,OpenAI__GPT5_3_Codex__LinearNeutral,20260517__OpenAI__GPT5_3_Codex__LinearNeutral,TSN,-0.0273477,277
20260416,20260517,OpenAI__GPT5_3_Codex__LinearNeutral,20260517__OpenAI__GPT5_3_Codex__LinearNeutral,BF-B,-0.03154605,278
20260416,20260517,OpenAI__GPT5_3_Codex__LinearNeutral,20260517__OpenAI__GPT5_3_Codex__LinearNeutral,COST,-0.03424136,279
20260416,20260517,OpenAI__GPT5_3_Codex__LinearNeutral,20260517__OpenAI__GPT5_3_Codex__LinearNeutral,AEE,-0.03508153,280
20260416,20260517,OpenAI__GPT5_3_Codex__LinearNeutral,20260517__OpenAI__GPT5_3_Codex__LinearNeutral,VTR,-0.03599475,281
20260416,20260517,OpenAI__GPT5_3_Codex__LinearNeutral,20260517__OpenAI__GPT5_3_Codex__LinearNeutral,PM,-0.03693154,282
20260416,20260517,OpenAI__GPT5_3_Codex__LinearNeutral,20260517__OpenAI__GPT5_3_Codex__LinearNeutral,MNST,-0.03746351,283
20260416,20260517,OpenAI__GPT5_3_Codex__LinearNeutral,20260517__OpenAI__GPT5_3_Codex__LinearNeutral,ORCL,-0.03868057,284
20260416,20260517,OpenAI__GPT5_3_Codex__LinearNeutral,20260517__OpenAI__GPT5_3_Codex__LinearNeutral,BXP,-0.03916855,285
20260416,20260517,OpenAI__GPT5_3_Codex__LinearNeutral,20260517__OpenAI__GPT5_3_Codex__LinearNeutral,PG,-0.04018984,286
20260416,20260517,OpenAI__GPT5_3_Codex__LinearNeutral,20260517__OpenAI__GPT5_3_Codex__LinearNeutral,PODD,-0.04025134,287
20260416,20260517,OpenAI__GPT5_3_Codex__LinearNeutral,20260517__OpenAI__GPT5_3_Codex__LinearNeutral,TGT,-0.04384865,288
20260416,20260517,OpenAI__GPT5_3_Codex__LinearNeutral,20260517__OpenAI__GPT5_3_Codex__LinearNeutral,HLT,-0.04699319,289
20260416,20260517,OpenAI__GPT5_3_Codex__LinearNeutral,20260517__OpenAI__GPT5_3_Codex__LinearNeutral,VTRS,-0.04884287,290
20260416,20260517,OpenAI__GPT5_3_Codex__LinearNeutral,20260517__OpenAI__GPT5_3_Codex__LinearNeutral,SBUX,-0.04952629,291
20260416,20260517,OpenAI__GPT5_3_Codex__LinearNeutral,20260517__OpenAI__GPT5_3_Codex__LinearNeutral,ROL,-0.05415314,292
20260416,20260517,OpenAI__GPT5_3_Codex__LinearNeutral,20260517__OpenAI__GPT5_3_Codex__LinearNeutral,MCD,-0.05459003,293
20260416,20260517,OpenAI__GPT5_3_Codex__LinearNeutral,20260517__OpenAI__GPT5_3_Codex__LinearNeutral,ABNB,-0.05573605,294
20260416,20260517,OpenAI__GPT5_3_Codex__LinearNeutral,20260517__OpenAI__GPT5_3_Codex__LinearNeutral,GEN,-0.0586333,295
20260416,20260517,OpenAI__GPT5_3_Codex__LinearNeutral,20260517__OpenAI__GPT5_3_Codex__LinearNeutral,NEE,-0.06330633,296
20260416,20260517,OpenAI__GPT5_3_Codex__LinearNeutral,20260517__OpenAI__GPT5_3_Codex__LinearNeutral,XEL,-0.06341852,297
20260416,20260517,OpenAI__GPT5_3_Codex__LinearNeutral,20260517__OpenAI__GPT5_3_Codex__LinearNeutral,MKC,-0.06454195,298
20260416,20260517,OpenAI__GPT5_3_Codex__LinearNeutral,20260517__OpenAI__GPT5_3_Codex__LinearNeutral,IR,-0.06625868,299
20260416,20260517,OpenAI__GPT5_3_Codex__LinearNeutral,20260517__OpenAI__GPT5_3_Codex__LinearNeutral,CAT,-0.06696604,300
20260416,20260517,OpenAI__GPT5_3_Codex__LinearNeutral,20260517__OpenAI__GPT5_3_Codex__LinearNeutral,WRB,-0.068646,301
20260416,20260517,OpenAI__GPT5_3_Codex__LinearNeutral,20260517__OpenAI__GPT5_3_Codex__LinearNeutral,CTSH,-0.06900092,302
20260416,20260517,OpenAI__GPT5_3_Codex__LinearNeutral,20260517__OpenAI__GPT5_3_Codex__LinearNeutral,PSA,-0.07484261,303
20260416,20260517,OpenAI__GPT5_3_Codex__LinearNeutral,20260517__OpenAI__GPT5_3_Codex__LinearNeutral,HRL,-0.07551436,304
20260416,20260517,OpenAI__GPT5_3_Codex__LinearNeutral,20260517__OpenAI__GPT5_3_Codex__LinearNeutral,EIX,-0.0776816,305
20260416,20260517,OpenAI__GPT5_3_Codex__LinearNeutral,20260517__OpenAI__GPT5_3_Codex__LinearNeutral,OTIS,-0.08129994,306
20260416,20260517,OpenAI__GPT5_3_Codex__LinearNeutral,20260517__OpenAI__GPT5_3_Codex__LinearNeutral,CBOE,-0.08139674,307
20260416,20260517,OpenAI__GPT5_3_Codex__LinearNeutral,20260517__OpenAI__GPT5_3_Codex__LinearNeutral,CNP,-0.08656631,308
20260416,20260517,OpenAI__GPT5_3_Codex__LinearNeutral,20260517__OpenAI__GPT5_3_Codex__LinearNeutral,SNPS,-0.08691628,309
20260416,20260517,OpenAI__GPT5_3_Codex__LinearNeutral,20260517__OpenAI__GPT5_3_Codex__LinearNeutral,NKE,-0.08728269,310
20260416,20260517,OpenAI__GPT5_3_Codex__LinearNeutral,20260517__OpenAI__GPT5_3_Codex__LinearNeutral,LMT,-0.09089548,311
20260416,20260517,OpenAI__GPT5_3_Codex__LinearNeutral,20260517__OpenAI__GPT5_3_Codex__LinearNeutral,DLR,-0.09115906,312
20260416,20260517,OpenAI__GPT5_3_Codex__LinearNeutral,20260517__OpenAI__GPT5_3_Codex__LinearNeutral,GPC,-0.09339286,313
20260416,20260517,OpenAI__GPT5_3_Codex__LinearNeutral,20260517__OpenAI__GPT5_3_Codex__LinearNeutral,AME,-0.095191,314
20260416,20260517,OpenAI__GPT5_3_Codex__LinearNeutral,20260517__OpenAI__GPT5_3_Codex__LinearNeutral,PTC,-0.09636455,315
20260416,20260517,OpenAI__GPT5_3_Codex__LinearNeutral,20260517__OpenAI__GPT5_3_Codex__LinearNeutral,HII,-0.09636927,316
20260416,20260517,OpenAI__GPT5_3_Codex__LinearNeutral,20260517__OpenAI__GPT5_3_Codex__LinearNeutral,LIN,-0.09755226,317
20260416,20260517,OpenAI__GPT5_3_Codex__LinearNeutral,20260517__OpenAI__GPT5_3_Codex__LinearNeutral,ACN,-0.0976212,318
20260416,20260517,OpenAI__GPT5_3_Codex__LinearNeutral,20260517__OpenAI__GPT5_3_Codex__LinearNeutral,AFL,-0.10051462,319
20260416,20260517,OpenAI__GPT5_3_Codex__LinearNeutral,20260517__OpenAI__GPT5_3_Codex__LinearNeutral,EXR,-0.10693137,320
20260416,20260517,OpenAI__GPT5_3_Codex__LinearNeutral,20260517__OpenAI__GPT5_3_Codex__LinearNeutral,VRSK,-0.10751139,321
20260416,20260517,OpenAI__GPT5_3_Codex__LinearNeutral,20260517__OpenAI__GPT5_3_Codex__LinearNeutral,JCI,-0.10821774,322
20260416,20260517,OpenAI__GPT5_3_Codex__LinearNeutral,20260517__OpenAI__GPT5_3_Codex__LinearNeutral,AJG,-0.10854967,323
20260416,20260517,OpenAI__GPT5_3_Codex__LinearNeutral,20260517__OpenAI__GPT5_3_Codex__LinearNeutral,EOG,-0.10947862,324
20260416,20260517,OpenAI__GPT5_3_Codex__LinearNeutral,20260517__OpenAI__GPT5_3_Codex__LinearNeutral,FDS,-0.10979317,325
20260416,20260517,OpenAI__GPT5_3_Codex__LinearNeutral,20260517__OpenAI__GPT5_3_Codex__LinearNeutral,UPS,-0.1099285,326
20260416,20260517,OpenAI__GPT5_3_Codex__LinearNeutral,20260517__OpenAI__GPT5_3_Codex__LinearNeutral,SHW,-0.11059755,327
20260416,20260517,OpenAI__GPT5_3_Codex__LinearNeutral,20260517__OpenAI__GPT5_3_Codex__LinearNeutral,TYL,-0.11598386,328
20260416,20260517,OpenAI__GPT5_3_Codex__LinearNeutral,20260517__OpenAI__GPT5_3_Codex__LinearNeutral,GILD,-0.12000671,329
20260416,20260517,OpenAI__GPT5_3_Codex__LinearNeutral,20260517__OpenAI__GPT5_3_Codex__LinearNeutral,AMGN,-0.12213107,330
20260416,20260517,OpenAI__GPT5_3_Codex__LinearNeutral,20260517__OpenAI__GPT5_3_Codex__LinearNeutral,ZBH,-0.12358914,331
20260416,20260517,OpenAI__GPT5_3_Codex__LinearNeutral,20260517__OpenAI__GPT5_3_Codex__LinearNeutral,DPZ,-0.13200476,332
20260416,20260517,OpenAI__GPT5_3_Codex__LinearNeutral,20260517__OpenAI__GPT5_3_Codex__LinearNeutral,PNR,-0.1330066,333
20260416,20260517,OpenAI__GPT5_3_Codex__LinearNeutral,20260517__OpenAI__GPT5_3_Codex__LinearNeutral,O,-0.13440658,334
20260416,20260517,OpenAI__GPT5_3_Codex__LinearNeutral,20260517__OpenAI__GPT5_3_Codex__LinearNeutral,STZ,-0.13445706,335
20260416,20260517,OpenAI__GPT5_3_Codex__LinearNeutral,20260517__OpenAI__GPT5_3_Codex__LinearNeutral,CVS,-0.13665919,336
20260416,20260517,OpenAI__GPT5_3_Codex__LinearNeutral,20260517__OpenAI__GPT5_3_Codex__LinearNeutral,IRM,-0.13776401,337
20260416,20260517,OpenAI__GPT5_3_Codex__LinearNeutral,20260517__OpenAI__GPT5_3_Codex__LinearNeutral,TER,-0.14282799,338
20260416,20260517,OpenAI__GPT5_3_Codex__LinearNeutral,20260517__OpenAI__GPT5_3_Codex__LinearNeutral,TXT,-0.14399777,339
20260416,20260517,OpenAI__GPT5_3_Codex__LinearNeutral,20260517__OpenAI__GPT5_3_Codex__LinearNeutral,META,-0.14848317,340
20260416,20260517,OpenAI__GPT5_3_Codex__LinearNeutral,20260517__OpenAI__GPT5_3_Codex__LinearNeutral,ALGN,-0.14883131,341
20260416,20260517,OpenAI__GPT5_3_Codex__LinearNeutral,20260517__OpenAI__GPT5_3_Codex__LinearNeutral,APD,-0.15247913,342
20260416,20260517,OpenAI__GPT5_3_Codex__LinearNeutral,20260517__OpenAI__GPT5_3_Codex__LinearNeutral,CRM,-0.15312684,343
20260416,20260517,OpenAI__GPT5_3_Codex__LinearNeutral,20260517__OpenAI__GPT5_3_Codex__LinearNeutral,LVS,-0.15369682,344
20260416,20260517,OpenAI__GPT5_3_Codex__LinearNeutral,20260517__OpenAI__GPT5_3_Codex__LinearNeutral,PHM,-0.15615347,345
20260416,20260517,OpenAI__GPT5_3_Codex__LinearNeutral,20260517__OpenAI__GPT5_3_Codex__LinearNeutral,PGR,-0.16367107,346
20260416,20260517,OpenAI__GPT5_3_Codex__LinearNeutral,20260517__OpenAI__GPT5_3_Codex__LinearNeutral,SWK,-0.16454245,347
20260416,20260517,OpenAI__GPT5_3_Codex__LinearNeutral,20260517__OpenAI__GPT5_3_Codex__LinearNeutral,STLD,-0.16847532,348
20260416,20260517,OpenAI__GPT5_3_Codex__LinearNeutral,20260517__OpenAI__GPT5_3_Codex__LinearNeutral,UNH,-0.16857801,349
20260416,20260517,OpenAI__GPT5_3_Codex__LinearNeutral,20260517__OpenAI__GPT5_3_Codex__LinearNeutral,NOW,-0.16984651,350
20260416,20260517,OpenAI__GPT5_3_Codex__LinearNeutral,20260517__OpenAI__GPT5_3_Codex__LinearNeutral,URI,-0.17281126,351
20260416,20260517,OpenAI__GPT5_3_Codex__LinearNeutral,20260517__OpenAI__GPT5_3_Codex__LinearNeutral,PLTR,-0.17321716,352
20260416,20260517,OpenAI__GPT5_3_Codex__LinearNeutral,20260517__OpenAI__GPT5_3_Codex__LinearNeutral,DVA,-0.17324158,353
20260416,20260517,OpenAI__GPT5_3_Codex__LinearNeutral,20260517__OpenAI__GPT5_3_Codex__LinearNeutral,DUK,-0.17369251,354
20260416,20260517,OpenAI__GPT5_3_Codex__LinearNeutral,20260517__OpenAI__GPT5_3_Codex__LinearNeutral,GM,-0.17402161,355
20260416,20260517,OpenAI__GPT5_3_Codex__LinearNeutral,20260517__OpenAI__GPT5_3_Codex__LinearNeutral,WTW,-0.17544753,356
20260416,20260517,OpenAI__GPT5_3_Codex__LinearNeutral,20260517__OpenAI__GPT5_3_Codex__LinearNeutral,DG,-0.17714872,357
20260416,20260517,OpenAI__GPT5_3_Codex__LinearNeutral,20260517__OpenAI__GPT5_3_Codex__LinearNeutral,ABBV,-0.1778842,358
20260416,20260517,OpenAI__GPT5_3_Codex__LinearNeutral,20260517__OpenAI__GPT5_3_Codex__LinearNeutral,ITW,-0.18417914,359
20260416,20260517,OpenAI__GPT5_3_Codex__LinearNeutral,20260517__OpenAI__GPT5_3_Codex__LinearNeutral,LYV,-0.18482925,360
20260416,20260517,OpenAI__GPT5_3_Codex__LinearNeutral,20260517__OpenAI__GPT5_3_Codex__LinearNeutral,MCK,-0.1887218,361
20260416,20260517,OpenAI__GPT5_3_Codex__LinearNeutral,20260517__OpenAI__GPT5_3_Codex__LinearNeutral,EXPD,-0.1930102,362
20260416,20260517,OpenAI__GPT5_3_Codex__LinearNeutral,20260517__OpenAI__GPT5_3_Codex__LinearNeutral,SPGI,-0.19483359,363
20260416,20260517,OpenAI__GPT5_3_Codex__LinearNeutral,20260517__OpenAI__GPT5_3_Codex__LinearNeutral,MGM,-0.19903354,364
20260416,20260517,OpenAI__GPT5_3_Codex__LinearNeutral,20260517__OpenAI__GPT5_3_Codex__LinearNeutral,FIS,-0.19904365,365
20260416,20260517,OpenAI__GPT5_3_Codex__LinearNeutral,20260517__OpenAI__GPT5_3_Codex__LinearNeutral,DE,-0.20044635,366
20260416,20260517,OpenAI__GPT5_3_Codex__LinearNeutral,20260517__OpenAI__GPT5_3_Codex__LinearNeutral,LULU,-0.20180078,367
20260416,20260517,OpenAI__GPT5_3_Codex__LinearNeutral,20260517__OpenAI__GPT5_3_Codex__LinearNeutral,CAH,-0.201883,368
20260416,20260517,OpenAI__GPT5_3_Codex__LinearNeutral,20260517__OpenAI__GPT5_3_Codex__LinearNeutral,SO,-0.20515099,369
20260416,20260517,OpenAI__GPT5_3_Codex__LinearNeutral,20260517__OpenAI__GPT5_3_Codex__LinearNeutral,JPM,-0.2056636,370
20260416,20260517,OpenAI__GPT5_3_Codex__LinearNeutral,20260517__OpenAI__GPT5_3_Codex__LinearNeutral,EBAY,-0.20618719,371
20260416,20260517,OpenAI__GPT5_3_Codex__LinearNeutral,20260517__OpenAI__GPT5_3_Codex__LinearNeutral,CTAS,-0.20809565,372
20260416,20260517,OpenAI__GPT5_3_Codex__LinearNeutral,20260517__OpenAI__GPT5_3_Codex__LinearNeutral,NWSA,-0.21267156,373
20260416,20260517,OpenAI__GPT5_3_Codex__LinearNeutral,20260517__OpenAI__GPT5_3_Codex__LinearNeutral,CL,-0.21431328,374
20260416,20260517,OpenAI__GPT5_3_Codex__LinearNeutral,20260517__OpenAI__GPT5_3_Codex__LinearNeutral,CSGP,-0.21603598,375
20260416,20260517,OpenAI__GPT5_3_Codex__LinearNeutral,20260517__OpenAI__GPT5_3_Codex__LinearNeutral,NXPI,-0.21747665,376
20260416,20260517,OpenAI__GPT5_3_Codex__LinearNeutral,20260517__OpenAI__GPT5_3_Codex__LinearNeutral,EL,-0.21881334,377
20260416,20260517,OpenAI__GPT5_3_Codex__LinearNeutral,20260517__OpenAI__GPT5_3_Codex__LinearNeutral,CDW,-0.22013062,378
20260416,20260517,OpenAI__GPT5_3_Codex__LinearNeutral,20260517__OpenAI__GPT5_3_Codex__LinearNeutral,IBM,-0.22206899,379
20260416,20260517,OpenAI__GPT5_3_Codex__LinearNeutral,20260517__OpenAI__GPT5_3_Codex__LinearNeutral,MSI,-0.22370176,380
20260416,20260517,OpenAI__GPT5_3_Codex__LinearNeutral,20260517__OpenAI__GPT5_3_Codex__LinearNeutral,Q,-0.22680648,381
20260416,20260517,OpenAI__GPT5_3_Codex__LinearNeutral,20260517__OpenAI__GPT5_3_Codex__LinearNeutral,ELV,-0.22800828,382
20260416,20260517,OpenAI__GPT5_3_Codex__LinearNeutral,20260517__OpenAI__GPT5_3_Codex__LinearNeutral,JKHY,-0.23358471,383
20260416,20260517,OpenAI__GPT5_3_Codex__LinearNeutral,20260517__OpenAI__GPT5_3_Codex__LinearNeutral,PSKY,-0.23669248,384
20260416,20260517,OpenAI__GPT5_3_Codex__LinearNeutral,20260517__OpenAI__GPT5_3_Codex__LinearNeutral,MU,-0.24042332,385
20260416,20260517,OpenAI__GPT5_3_Codex__LinearNeutral,20260517__OpenAI__GPT5_3_Codex__LinearNeutral,TRGP,-0.24506906,386
20260416,20260517,OpenAI__GPT5_3_Codex__LinearNeutral,20260517__OpenAI__GPT5_3_Codex__LinearNeutral,AMCR,-0.24596832,387
20260416,20260517,OpenAI__GPT5_3_Codex__LinearNeutral,20260517__OpenAI__GPT5_3_Codex__LinearNeutral,PEG,-0.2466654,388
20260416,20260517,OpenAI__GPT5_3_Codex__LinearNeutral,20260517__OpenAI__GPT5_3_Codex__LinearNeutral,COR,-0.25287824,389
20260416,20260517,OpenAI__GPT5_3_Codex__LinearNeutral,20260517__OpenAI__GPT5_3_Codex__LinearNeutral,APH,-0.25475524,390
20260416,20260517,OpenAI__GPT5_3_Codex__LinearNeutral,20260517__OpenAI__GPT5_3_Codex__LinearNeutral,PFE,-0.26289801,391
20260416,20260517,OpenAI__GPT5_3_Codex__LinearNeutral,20260517__OpenAI__GPT5_3_Codex__LinearNeutral,PANW,-0.26293739,392
20260416,20260517,OpenAI__GPT5_3_Codex__LinearNeutral,20260517__OpenAI__GPT5_3_Codex__LinearNeutral,CCI,-0.26365152,393
20260416,20260517,OpenAI__GPT5_3_Codex__LinearNeutral,20260517__OpenAI__GPT5_3_Codex__LinearNeutral,KVUE,-0.26504436,394
20260416,20260517,OpenAI__GPT5_3_Codex__LinearNeutral,20260517__OpenAI__GPT5_3_Codex__LinearNeutral,MPC,-0.26925774,395
20260416,20260517,OpenAI__GPT5_3_Codex__LinearNeutral,20260517__OpenAI__GPT5_3_Codex__LinearNeutral,TXN,-0.27157519,396
20260416,20260517,OpenAI__GPT5_3_Codex__LinearNeutral,20260517__OpenAI__GPT5_3_Codex__LinearNeutral,MRNA,-0.27302098,397
20260416,20260517,OpenAI__GPT5_3_Codex__LinearNeutral,20260517__OpenAI__GPT5_3_Codex__LinearNeutral,FAST,-0.27476209,398
20260416,20260517,OpenAI__GPT5_3_Codex__LinearNeutral,20260517__OpenAI__GPT5_3_Codex__LinearNeutral,TRMB,-0.2775453,399
20260416,20260517,OpenAI__GPT5_3_Codex__LinearNeutral,20260517__OpenAI__GPT5_3_Codex__LinearNeutral,XYZ,-0.27793029,400
20260416,20260517,OpenAI__GPT5_3_Codex__LinearNeutral,20260517__OpenAI__GPT5_3_Codex__LinearNeutral,QCOM,-0.28699409,401
20260416,20260517,OpenAI__GPT5_3_Codex__LinearNeutral,20260517__OpenAI__GPT5_3_Codex__LinearNeutral,AON,-0.29057965,402
20260416,20260517,OpenAI__GPT5_3_Codex__LinearNeutral,20260517__OpenAI__GPT5_3_Codex__LinearNeutral,WELL,-0.29409193,403
20260416,20260517,OpenAI__GPT5_3_Codex__LinearNeutral,20260517__OpenAI__GPT5_3_Codex__LinearNeutral,BR,-0.29468376,404
20260416,20260517,OpenAI__GPT5_3_Codex__LinearNeutral,20260517__OpenAI__GPT5_3_Codex__LinearNeutral,ADSK,-0.29613077,405
20260416,20260517,OpenAI__GPT5_3_Codex__LinearNeutral,20260517__OpenAI__GPT5_3_Codex__LinearNeutral,PKG,-0.29867856,406
20260416,20260517,OpenAI__GPT5_3_Codex__LinearNeutral,20260517__OpenAI__GPT5_3_Codex__LinearNeutral,MRSH,-0.29947336,407
20260416,20260517,OpenAI__GPT5_3_Codex__LinearNeutral,20260517__OpenAI__GPT5_3_Codex__LinearNeutral,PYPL,-0.30047715,408
20260416,20260517,OpenAI__GPT5_3_Codex__LinearNeutral,20260517__OpenAI__GPT5_3_Codex__LinearNeutral,FOX,-0.30444711,409
20260416,20260517,OpenAI__GPT5_3_Codex__LinearNeutral,20260517__OpenAI__GPT5_3_Codex__LinearNeutral,CARR,-0.30667561,410
20260416,20260517,OpenAI__GPT5_3_Codex__LinearNeutral,20260517__OpenAI__GPT5_3_Codex__LinearNeutral,CRWD,-0.30918516,411
20260416,20260517,OpenAI__GPT5_3_Codex__LinearNeutral,20260517__OpenAI__GPT5_3_Codex__LinearNeutral,DD,-0.31130728,412
20260416,20260517,OpenAI__GPT5_3_Codex__LinearNeutral,20260517__OpenAI__GPT5_3_Codex__LinearNeutral,MDLZ,-0.31259386,413
20260416,20260517,OpenAI__GPT5_3_Codex__LinearNeutral,20260517__OpenAI__GPT5_3_Codex__LinearNeutral,DOW,-0.31686794,414
20260416,20260517,OpenAI__GPT5_3_Codex__LinearNeutral,20260517__OpenAI__GPT5_3_Codex__LinearNeutral,GDDY,-0.31699334,415
20260416,20260517,OpenAI__GPT5_3_Codex__LinearNeutral,20260517__OpenAI__GPT5_3_Codex__LinearNeutral,MO,-0.31725377,416
20260416,20260517,OpenAI__GPT5_3_Codex__LinearNeutral,20260517__OpenAI__GPT5_3_Codex__LinearNeutral,KMB,-0.31797685,417
20260416,20260517,OpenAI__GPT5_3_Codex__LinearNeutral,20260517__OpenAI__GPT5_3_Codex__LinearNeutral,ROK,-0.31824683,418
20260416,20260517,OpenAI__GPT5_3_Codex__LinearNeutral,20260517__OpenAI__GPT5_3_Codex__LinearNeutral,PAYX,-0.32071965,419
20260416,20260517,OpenAI__GPT5_3_Codex__LinearNeutral,20260517__OpenAI__GPT5_3_Codex__LinearNeutral,TTD,-0.32631831,420
20260416,20260517,OpenAI__GPT5_3_Codex__LinearNeutral,20260517__OpenAI__GPT5_3_Codex__LinearNeutral,COIN,-0.32820965,421
20260416,20260517,OpenAI__GPT5_3_Codex__LinearNeutral,20260517__OpenAI__GPT5_3_Codex__LinearNeutral,NEM,-0.33124336,422
20260416,20260517,OpenAI__GPT5_3_Codex__LinearNeutral,20260517__OpenAI__GPT5_3_Codex__LinearNeutral,OMC,-0.33757807,423
20260416,20260517,OpenAI__GPT5_3_Codex__LinearNeutral,20260517__OpenAI__GPT5_3_Codex__LinearNeutral,PSX,-0.34848052,424
20260416,20260517,OpenAI__GPT5_3_Codex__LinearNeutral,20260517__OpenAI__GPT5_3_Codex__LinearNeutral,GIS,-0.35188458,425
20260416,20260517,OpenAI__GPT5_3_Codex__LinearNeutral,20260517__OpenAI__GPT5_3_Codex__LinearNeutral,BKR,-0.35333155,426
20260416,20260517,OpenAI__GPT5_3_Codex__LinearNeutral,20260517__OpenAI__GPT5_3_Codex__LinearNeutral,CEG,-0.35369672,427
20260416,20260517,OpenAI__GPT5_3_Codex__LinearNeutral,20260517__OpenAI__GPT5_3_Codex__LinearNeutral,BRO,-0.35774197,428
20260416,20260517,OpenAI__GPT5_3_Codex__LinearNeutral,20260517__OpenAI__GPT5_3_Codex__LinearNeutral,NWS,-0.36130325,429
20260416,20260517,OpenAI__GPT5_3_Codex__LinearNeutral,20260517__OpenAI__GPT5_3_Codex__LinearNeutral,CPAY,-0.36499361,430
20260416,20260517,OpenAI__GPT5_3_Codex__LinearNeutral,20260517__OpenAI__GPT5_3_Codex__LinearNeutral,FISV,-0.37242673,431
20260416,20260517,OpenAI__GPT5_3_Codex__LinearNeutral,20260517__OpenAI__GPT5_3_Codex__LinearNeutral,BG,-0.37586895,432
20260416,20260517,OpenAI__GPT5_3_Codex__LinearNeutral,20260517__OpenAI__GPT5_3_Codex__LinearNeutral,ADP,-0.37745423,433
20260416,20260517,OpenAI__GPT5_3_Codex__LinearNeutral,20260517__OpenAI__GPT5_3_Codex__LinearNeutral,ES,-0.39754303,434
20260416,20260517,OpenAI__GPT5_3_Codex__LinearNeutral,20260517__OpenAI__GPT5_3_Codex__LinearNeutral,AMT,-0.40553515,435
20260416,20260517,OpenAI__GPT5_3_Codex__LinearNeutral,20260517__OpenAI__GPT5_3_Codex__LinearNeutral,LEN,-0.40744631,436
20260416,20260517,OpenAI__GPT5_3_Codex__LinearNeutral,20260517__OpenAI__GPT5_3_Codex__LinearNeutral,FOXA,-0.40837199,437
20260416,20260517,OpenAI__GPT5_3_Codex__LinearNeutral,20260517__OpenAI__GPT5_3_Codex__LinearNeutral,ODFL,-0.41994269,438
20260416,20260517,OpenAI__GPT5_3_Codex__LinearNeutral,20260517__OpenAI__GPT5_3_Codex__LinearNeutral,MPWR,-0.42229974,439
20260416,20260517,OpenAI__GPT5_3_Codex__LinearNeutral,20260517__OpenAI__GPT5_3_Codex__LinearNeutral,AMD,-0.42918874,440
20260416,20260517,OpenAI__GPT5_3_Codex__LinearNeutral,20260517__OpenAI__GPT5_3_Codex__LinearNeutral,SWKS,-0.42985639,441
20260416,20260517,OpenAI__GPT5_3_Codex__LinearNeutral,20260517__OpenAI__GPT5_3_Codex__LinearNeutral,ADI,-0.43239595,442
20260416,20260517,OpenAI__GPT5_3_Codex__LinearNeutral,20260517__OpenAI__GPT5_3_Codex__LinearNeutral,MCHP,-0.45397086,443
20260416,20260517,OpenAI__GPT5_3_Codex__LinearNeutral,20260517__OpenAI__GPT5_3_Codex__LinearNeutral,ANET,-0.45989119,444
20260416,20260517,OpenAI__GPT5_3_Codex__LinearNeutral,20260517__OpenAI__GPT5_3_Codex__LinearNeutral,COP,-0.46393099,445
20260416,20260517,OpenAI__GPT5_3_Codex__LinearNeutral,20260517__OpenAI__GPT5_3_Codex__LinearNeutral,STX,-0.46463026,446
20260416,20260517,OpenAI__GPT5_3_Codex__LinearNeutral,20260517__OpenAI__GPT5_3_Codex__LinearNeutral,LYB,-0.46482863,447
20260416,20260517,OpenAI__GPT5_3_Codex__LinearNeutral,20260517__OpenAI__GPT5_3_Codex__LinearNeutral,EQT,-0.47388847,448
20260416,20260517,OpenAI__GPT5_3_Codex__LinearNeutral,20260517__OpenAI__GPT5_3_Codex__LinearNeutral,EFX,-0.47586224,449
20260416,20260517,OpenAI__GPT5_3_Codex__LinearNeutral,20260517__OpenAI__GPT5_3_Codex__LinearNeutral,FFIV,-0.4765602,450
20260416,20260517,OpenAI__GPT5_3_Codex__LinearNeutral,20260517__OpenAI__GPT5_3_Codex__LinearNeutral,KHC,-0.48477186,451
20260416,20260517,OpenAI__GPT5_3_Codex__LinearNeutral,20260517__OpenAI__GPT5_3_Codex__LinearNeutral,TMUS,-0.48534451,452
20260416,20260517,OpenAI__GPT5_3_Codex__LinearNeutral,20260517__OpenAI__GPT5_3_Codex__LinearNeutral,UAL,-0.48813058,453
20260416,20260517,OpenAI__GPT5_3_Codex__LinearNeutral,20260517__OpenAI__GPT5_3_Codex__LinearNeutral,BMY,-0.49297569,454
20260416,20260517,OpenAI__GPT5_3_Codex__LinearNeutral,20260517__OpenAI__GPT5_3_Codex__LinearNeutral,GPN,-0.50804524,455
20260416,20260517,OpenAI__GPT5_3_Codex__LinearNeutral,20260517__OpenAI__GPT5_3_Codex__LinearNeutral,CI,-0.50832422,456
20260416,20260517,OpenAI__GPT5_3_Codex__LinearNeutral,20260517__OpenAI__GPT5_3_Codex__LinearNeutral,CNC,-0.50940039,457
20260416,20260517,OpenAI__GPT5_3_Codex__LinearNeutral,20260517__OpenAI__GPT5_3_Codex__LinearNeutral,HAL,-0.51409315,458
20260416,20260517,OpenAI__GPT5_3_Codex__LinearNeutral,20260517__OpenAI__GPT5_3_Codex__LinearNeutral,VZ,-0.51908665,459
20260416,20260517,OpenAI__GPT5_3_Codex__LinearNeutral,20260517__OpenAI__GPT5_3_Codex__LinearNeutral,SNDK,-0.52019957,460
20260416,20260517,OpenAI__GPT5_3_Codex__LinearNeutral,20260517__OpenAI__GPT5_3_Codex__LinearNeutral,VST,-0.52092551,461
20260416,20260517,OpenAI__GPT5_3_Codex__LinearNeutral,20260517__OpenAI__GPT5_3_Codex__LinearNeutral,CPB,-0.52202803,462
20260416,20260517,OpenAI__GPT5_3_Codex__LinearNeutral,20260517__OpenAI__GPT5_3_Codex__LinearNeutral,BBY,-0.551707,463
20260416,20260517,OpenAI__GPT5_3_Codex__LinearNeutral,20260517__OpenAI__GPT5_3_Codex__LinearNeutral,CAG,-0.55477348,464
20260416,20260517,OpenAI__GPT5_3_Codex__LinearNeutral,20260517__OpenAI__GPT5_3_Codex__LinearNeutral,CVX,-0.554956,465
20260416,20260517,OpenAI__GPT5_3_Codex__LinearNeutral,20260517__OpenAI__GPT5_3_Codex__LinearNeutral,IT,-0.5772171,466
20260416,20260517,OpenAI__GPT5_3_Codex__LinearNeutral,20260517__OpenAI__GPT5_3_Codex__LinearNeutral,DVN,-0.58092606,467
20260416,20260517,OpenAI__GPT5_3_Codex__LinearNeutral,20260517__OpenAI__GPT5_3_Codex__LinearNeutral,OXY,-0.59359356,468
20260416,20260517,OpenAI__GPT5_3_Codex__LinearNeutral,20260517__OpenAI__GPT5_3_Codex__LinearNeutral,EXE,-0.60039556,469
20260416,20260517,OpenAI__GPT5_3_Codex__LinearNeutral,20260517__OpenAI__GPT5_3_Codex__LinearNeutral,CMCSA,-0.60093331,470
20260416,20260517,OpenAI__GPT5_3_Codex__LinearNeutral,20260517__OpenAI__GPT5_3_Codex__LinearNeutral,KR,-0.60243605,471
20260416,20260517,OpenAI__GPT5_3_Codex__LinearNeutral,20260517__OpenAI__GPT5_3_Codex__LinearNeutral,OKE,-0.60724753,472
20260416,20260517,OpenAI__GPT5_3_Codex__LinearNeutral,20260517__OpenAI__GPT5_3_Codex__LinearNeutral,XOM,-0.60809221,473
20260416,20260517,OpenAI__GPT5_3_Codex__LinearNeutral,20260517__OpenAI__GPT5_3_Codex__LinearNeutral,ADM,-0.61060138,474
20260416,20260517,OpenAI__GPT5_3_Codex__LinearNeutral,20260517__OpenAI__GPT5_3_Codex__LinearNeutral,INTC,-0.6272922,475
20260416,20260517,OpenAI__GPT5_3_Codex__LinearNeutral,20260517__OpenAI__GPT5_3_Codex__LinearNeutral,CSCO,-0.62904522,476
20260416,20260517,OpenAI__GPT5_3_Codex__LinearNeutral,20260517__OpenAI__GPT5_3_Codex__LinearNeutral,GNRC,-0.63017103,477
20260416,20260517,OpenAI__GPT5_3_Codex__LinearNeutral,20260517__OpenAI__GPT5_3_Codex__LinearNeutral,SBAC,-0.63335554,478
20260416,20260517,OpenAI__GPT5_3_Codex__LinearNeutral,20260517__OpenAI__GPT5_3_Codex__LinearNeutral,JBL,-0.6338753,479
20260416,20260517,OpenAI__GPT5_3_Codex__LinearNeutral,20260517__OpenAI__GPT5_3_Codex__LinearNeutral,NTAP,-0.65342755,480
20260416,20260517,OpenAI__GPT5_3_Codex__LinearNeutral,20260517__OpenAI__GPT5_3_Codex__LinearNeutral,SATS,-0.6739978,481
20260416,20260517,OpenAI__GPT5_3_Codex__LinearNeutral,20260517__OpenAI__GPT5_3_Codex__LinearNeutral,T,-0.67554468,482
20260416,20260517,OpenAI__GPT5_3_Codex__LinearNeutral,20260517__OpenAI__GPT5_3_Codex__LinearNeutral,HPQ,-0.69405372,483
20260416,20260517,OpenAI__GPT5_3_Codex__LinearNeutral,20260517__OpenAI__GPT5_3_Codex__LinearNeutral,FDX,-0.73733228,484
20260416,20260517,OpenAI__GPT5_3_Codex__LinearNeutral,20260517__OpenAI__GPT5_3_Codex__LinearNeutral,FTNT,-0.76775338,485
20260416,20260517,OpenAI__GPT5_3_Codex__LinearNeutral,20260517__OpenAI__GPT5_3_Codex__LinearNeutral,ON,-0.77622632,486
20260416,20260517,OpenAI__GPT5_3_Codex__LinearNeutral,20260517__OpenAI__GPT5_3_Codex__LinearNeutral,BAX,-0.77930828,487
20260416,20260517,OpenAI__GPT5_3_Codex__LinearNeutral,20260517__OpenAI__GPT5_3_Codex__LinearNeutral,FICO,-0.85339543,488
20260416,20260517,OpenAI__GPT5_3_Codex__LinearNeutral,20260517__OpenAI__GPT5_3_Codex__LinearNeutral,CIEN,-0.87380297,489
20260416,20260517,OpenAI__GPT5_3_Codex__LinearNeutral,20260517__OpenAI__GPT5_3_Codex__LinearNeutral,COHR,-0.87836932,490
20260416,20260517,OpenAI__GPT5_3_Codex__LinearNeutral,20260517__OpenAI__GPT5_3_Codex__LinearNeutral,MOS,-0.9140879,491
20260416,20260517,OpenAI__GPT5_3_Codex__LinearNeutral,20260517__OpenAI__GPT5_3_Codex__LinearNeutral,HPE,-0.91801453,492
20260416,20260517,OpenAI__GPT5_3_Codex__LinearNeutral,20260517__OpenAI__GPT5_3_Codex__LinearNeutral,VLO,-0.91837715,493
20260416,20260517,OpenAI__GPT5_3_Codex__LinearNeutral,20260517__OpenAI__GPT5_3_Codex__LinearNeutral,CF,-0.93435896,494
20260416,20260517,OpenAI__GPT5_3_Codex__LinearNeutral,20260517__OpenAI__GPT5_3_Codex__LinearNeutral,TPL,-0.94048565,495
20260416,20260517,OpenAI__GPT5_3_Codex__LinearNeutral,20260517__OpenAI__GPT5_3_Codex__LinearNeutral,APA,-1.00106999,496
20260416,20260517,OpenAI__GPT5_3_Codex__LinearNeutral,20260517__OpenAI__GPT5_3_Codex__LinearNeutral,CHRW,-1.00274755,497
20260416,20260517,OpenAI__GPT5_3_Codex__LinearNeutral,20260517__OpenAI__GPT5_3_Codex__LinearNeutral,SMCI,-1.00435262,498
20260416,20260517,OpenAI__GPT5_3_Codex__LinearNeutral,20260517__OpenAI__GPT5_3_Codex__LinearNeutral,DELL,-1.11184327,499
20260416,20260517,OpenAI__GPT5_3_Codex__LinearNeutral,20260517__OpenAI__GPT5_3_Codex__LinearNeutral,CHTR,-1.14697823,500
20260416,20260517,OpenAI__GPT5_3_Codex__LinearNeutral,20260517__OpenAI__GPT5_3_Codex__LinearNeutral,ALB,-1.29279808,501
20260416,20260517,OpenAI__GPT5_3_Codex__LinearNeutral,20260517__OpenAI__GPT5_3_Codex__LinearNeutral,AKAM,-1.56535162,502
20260416,20260517,OpenAI__GPT5_3_Codex__LinearNeutral,20260517__OpenAI__GPT5_3_Codex__LinearNeutral,LITE,-1.69040806,503
