ranking_date,strategy_id,ticker,score,portfolio_rank,position_dollars,ranking_status,strategy_rank,portfolio_universe_source,portfolio_universe_date,n_portfolio_universe,n_ranked_in_universe,n_ranked_ignored,n_missing_rankings
20260528,20260517__Anthropic__Opus4_8__LinearNeutral,SNDK,8.43924494,1,250.0,ranked,1,/Users/xiaoyusun/AgentStockBenchmarkResults/data/universe/20260528.txt,20260528,504,504,0,0
20260528,20260517__Anthropic__Opus4_8__LinearNeutral,SNPS,4.97189473,2,249.01,ranked,2,/Users/xiaoyusun/AgentStockBenchmarkResults/data/universe/20260528.txt,20260528,504,504,0,0
20260528,20260517__Anthropic__Opus4_8__LinearNeutral,NSC,4.82465514,3,248.01,ranked,3,/Users/xiaoyusun/AgentStockBenchmarkResults/data/universe/20260528.txt,20260528,504,504,0,0
20260528,20260517__Anthropic__Opus4_8__LinearNeutral,LITE,4.03318015,4,247.02,ranked,4,/Users/xiaoyusun/AgentStockBenchmarkResults/data/universe/20260528.txt,20260528,504,504,0,0
20260528,20260517__Anthropic__Opus4_8__LinearNeutral,UNP,3.64026586,5,246.02,ranked,5,/Users/xiaoyusun/AgentStockBenchmarkResults/data/universe/20260528.txt,20260528,504,504,0,0
20260528,20260517__Anthropic__Opus4_8__LinearNeutral,TSN,2.8173738,6,245.03,ranked,6,/Users/xiaoyusun/AgentStockBenchmarkResults/data/universe/20260528.txt,20260528,504,504,0,0
20260528,20260517__Anthropic__Opus4_8__LinearNeutral,CSX,2.38206712,7,244.04,ranked,7,/Users/xiaoyusun/AgentStockBenchmarkResults/data/universe/20260528.txt,20260528,504,504,0,0
20260528,20260517__Anthropic__Opus4_8__LinearNeutral,UHS,2.28441424,8,243.04,ranked,8,/Users/xiaoyusun/AgentStockBenchmarkResults/data/universe/20260528.txt,20260528,504,504,0,0
20260528,20260517__Anthropic__Opus4_8__LinearNeutral,AFL,2.15959044,9,242.05,ranked,9,/Users/xiaoyusun/AgentStockBenchmarkResults/data/universe/20260528.txt,20260528,504,504,0,0
20260528,20260517__Anthropic__Opus4_8__LinearNeutral,CIEN,2.15943359,10,241.05,ranked,10,/Users/xiaoyusun/AgentStockBenchmarkResults/data/universe/20260528.txt,20260528,504,504,0,0
20260528,20260517__Anthropic__Opus4_8__LinearNeutral,WDC,2.14542448,11,240.06,ranked,11,/Users/xiaoyusun/AgentStockBenchmarkResults/data/universe/20260528.txt,20260528,504,504,0,0
20260528,20260517__Anthropic__Opus4_8__LinearNeutral,CBRE,2.12928232,12,239.07,ranked,12,/Users/xiaoyusun/AgentStockBenchmarkResults/data/universe/20260528.txt,20260528,504,504,0,0
20260528,20260517__Anthropic__Opus4_8__LinearNeutral,EG,2.12170045,13,238.07,ranked,13,/Users/xiaoyusun/AgentStockBenchmarkResults/data/universe/20260528.txt,20260528,504,504,0,0
20260528,20260517__Anthropic__Opus4_8__LinearNeutral,VTR,2.08995525,14,237.08,ranked,14,/Users/xiaoyusun/AgentStockBenchmarkResults/data/universe/20260528.txt,20260528,504,504,0,0
20260528,20260517__Anthropic__Opus4_8__LinearNeutral,TRV,2.08517794,15,236.08,ranked,15,/Users/xiaoyusun/AgentStockBenchmarkResults/data/universe/20260528.txt,20260528,504,504,0,0
20260528,20260517__Anthropic__Opus4_8__LinearNeutral,GEV,1.95380213,16,235.09,ranked,16,/Users/xiaoyusun/AgentStockBenchmarkResults/data/universe/20260528.txt,20260528,504,504,0,0
20260528,20260517__Anthropic__Opus4_8__LinearNeutral,KO,1.94399477,17,234.1,ranked,17,/Users/xiaoyusun/AgentStockBenchmarkResults/data/universe/20260528.txt,20260528,504,504,0,0
20260528,20260517__Anthropic__Opus4_8__LinearNeutral,ATO,1.92565889,18,233.1,ranked,18,/Users/xiaoyusun/AgentStockBenchmarkResults/data/universe/20260528.txt,20260528,504,504,0,0
20260528,20260517__Anthropic__Opus4_8__LinearNeutral,CINF,1.91743738,19,232.11,ranked,19,/Users/xiaoyusun/AgentStockBenchmarkResults/data/universe/20260528.txt,20260528,504,504,0,0
20260528,20260517__Anthropic__Opus4_8__LinearNeutral,VLTO,1.90927501,20,231.11,ranked,20,/Users/xiaoyusun/AgentStockBenchmarkResults/data/universe/20260528.txt,20260528,504,504,0,0
20260528,20260517__Anthropic__Opus4_8__LinearNeutral,RJF,1.84028608,21,230.12,ranked,21,/Users/xiaoyusun/AgentStockBenchmarkResults/data/universe/20260528.txt,20260528,504,504,0,0
20260528,20260517__Anthropic__Opus4_8__LinearNeutral,PNW,1.81009215,22,229.13,ranked,22,/Users/xiaoyusun/AgentStockBenchmarkResults/data/universe/20260528.txt,20260528,504,504,0,0
20260528,20260517__Anthropic__Opus4_8__LinearNeutral,SLB,1.7702105,23,228.13,ranked,23,/Users/xiaoyusun/AgentStockBenchmarkResults/data/universe/20260528.txt,20260528,504,504,0,0
20260528,20260517__Anthropic__Opus4_8__LinearNeutral,LNT,1.73233855,24,227.14,ranked,24,/Users/xiaoyusun/AgentStockBenchmarkResults/data/universe/20260528.txt,20260528,504,504,0,0
20260528,20260517__Anthropic__Opus4_8__LinearNeutral,HIG,1.71478021,25,226.14,ranked,25,/Users/xiaoyusun/AgentStockBenchmarkResults/data/universe/20260528.txt,20260528,504,504,0,0
20260528,20260517__Anthropic__Opus4_8__LinearNeutral,CNP,1.65271071,26,225.15,ranked,26,/Users/xiaoyusun/AgentStockBenchmarkResults/data/universe/20260528.txt,20260528,504,504,0,0
20260528,20260517__Anthropic__Opus4_8__LinearNeutral,AEE,1.61206478,27,224.16,ranked,27,/Users/xiaoyusun/AgentStockBenchmarkResults/data/universe/20260528.txt,20260528,504,504,0,0
20260528,20260517__Anthropic__Opus4_8__LinearNeutral,KEYS,1.58034545,28,223.16,ranked,28,/Users/xiaoyusun/AgentStockBenchmarkResults/data/universe/20260528.txt,20260528,504,504,0,0
20260528,20260517__Anthropic__Opus4_8__LinearNeutral,BSX,1.57872842,29,222.17,ranked,29,/Users/xiaoyusun/AgentStockBenchmarkResults/data/universe/20260528.txt,20260528,504,504,0,0
20260528,20260517__Anthropic__Opus4_8__LinearNeutral,MU,1.53359497,30,221.17,ranked,30,/Users/xiaoyusun/AgentStockBenchmarkResults/data/universe/20260528.txt,20260528,504,504,0,0
20260528,20260517__Anthropic__Opus4_8__LinearNeutral,CB,1.51150951,31,220.18,ranked,31,/Users/xiaoyusun/AgentStockBenchmarkResults/data/universe/20260528.txt,20260528,504,504,0,0
20260528,20260517__Anthropic__Opus4_8__LinearNeutral,HCA,1.48873635,32,219.18,ranked,32,/Users/xiaoyusun/AgentStockBenchmarkResults/data/universe/20260528.txt,20260528,504,504,0,0
20260528,20260517__Anthropic__Opus4_8__LinearNeutral,WELL,1.48030163,33,218.19,ranked,33,/Users/xiaoyusun/AgentStockBenchmarkResults/data/universe/20260528.txt,20260528,504,504,0,0
20260528,20260517__Anthropic__Opus4_8__LinearNeutral,TAP,1.46052125,34,217.2,ranked,34,/Users/xiaoyusun/AgentStockBenchmarkResults/data/universe/20260528.txt,20260528,504,504,0,0
20260528,20260517__Anthropic__Opus4_8__LinearNeutral,BLK,1.43344107,35,216.2,ranked,35,/Users/xiaoyusun/AgentStockBenchmarkResults/data/universe/20260528.txt,20260528,504,504,0,0
20260528,20260517__Anthropic__Opus4_8__LinearNeutral,ROL,1.4107953,36,215.21,ranked,36,/Users/xiaoyusun/AgentStockBenchmarkResults/data/universe/20260528.txt,20260528,504,504,0,0
20260528,20260517__Anthropic__Opus4_8__LinearNeutral,WBD,1.39775437,37,214.21,ranked,37,/Users/xiaoyusun/AgentStockBenchmarkResults/data/universe/20260528.txt,20260528,504,504,0,0
20260528,20260517__Anthropic__Opus4_8__LinearNeutral,ROST,1.39507105,38,213.22,ranked,38,/Users/xiaoyusun/AgentStockBenchmarkResults/data/universe/20260528.txt,20260528,504,504,0,0
20260528,20260517__Anthropic__Opus4_8__LinearNeutral,YUM,1.38779385,39,212.23,ranked,39,/Users/xiaoyusun/AgentStockBenchmarkResults/data/universe/20260528.txt,20260528,504,504,0,0
20260528,20260517__Anthropic__Opus4_8__LinearNeutral,FFIV,1.38566276,40,211.23,ranked,40,/Users/xiaoyusun/AgentStockBenchmarkResults/data/universe/20260528.txt,20260528,504,504,0,0
20260528,20260517__Anthropic__Opus4_8__LinearNeutral,TTD,1.35878039,41,210.24,ranked,41,/Users/xiaoyusun/AgentStockBenchmarkResults/data/universe/20260528.txt,20260528,504,504,0,0
20260528,20260517__Anthropic__Opus4_8__LinearNeutral,L,1.3509551,42,209.24,ranked,42,/Users/xiaoyusun/AgentStockBenchmarkResults/data/universe/20260528.txt,20260528,504,504,0,0
20260528,20260517__Anthropic__Opus4_8__LinearNeutral,CMS,1.31420971,43,208.25,ranked,43,/Users/xiaoyusun/AgentStockBenchmarkResults/data/universe/20260528.txt,20260528,504,504,0,0
20260528,20260517__Anthropic__Opus4_8__LinearNeutral,CAT,1.30813244,44,207.26,ranked,44,/Users/xiaoyusun/AgentStockBenchmarkResults/data/universe/20260528.txt,20260528,504,504,0,0
20260528,20260517__Anthropic__Opus4_8__LinearNeutral,ED,1.26930391,45,206.26,ranked,45,/Users/xiaoyusun/AgentStockBenchmarkResults/data/universe/20260528.txt,20260528,504,504,0,0
20260528,20260517__Anthropic__Opus4_8__LinearNeutral,XEL,1.24716597,46,205.27,ranked,46,/Users/xiaoyusun/AgentStockBenchmarkResults/data/universe/20260528.txt,20260528,504,504,0,0
20260528,20260517__Anthropic__Opus4_8__LinearNeutral,EVRG,1.23452011,47,204.27,ranked,47,/Users/xiaoyusun/AgentStockBenchmarkResults/data/universe/20260528.txt,20260528,504,504,0,0
20260528,20260517__Anthropic__Opus4_8__LinearNeutral,PNR,1.22588208,48,203.28,ranked,48,/Users/xiaoyusun/AgentStockBenchmarkResults/data/universe/20260528.txt,20260528,504,504,0,0
20260528,20260517__Anthropic__Opus4_8__LinearNeutral,SBUX,1.21551647,49,202.29,ranked,49,/Users/xiaoyusun/AgentStockBenchmarkResults/data/universe/20260528.txt,20260528,504,504,0,0
20260528,20260517__Anthropic__Opus4_8__LinearNeutral,GLW,1.21055235,50,201.29,ranked,50,/Users/xiaoyusun/AgentStockBenchmarkResults/data/universe/20260528.txt,20260528,504,504,0,0
20260528,20260517__Anthropic__Opus4_8__LinearNeutral,PFG,1.17312385,51,200.3,ranked,51,/Users/xiaoyusun/AgentStockBenchmarkResults/data/universe/20260528.txt,20260528,504,504,0,0
20260528,20260517__Anthropic__Opus4_8__LinearNeutral,PTC,1.1681047,52,199.3,ranked,52,/Users/xiaoyusun/AgentStockBenchmarkResults/data/universe/20260528.txt,20260528,504,504,0,0
20260528,20260517__Anthropic__Opus4_8__LinearNeutral,AWK,1.15536908,53,198.31,ranked,53,/Users/xiaoyusun/AgentStockBenchmarkResults/data/universe/20260528.txt,20260528,504,504,0,0
20260528,20260517__Anthropic__Opus4_8__LinearNeutral,NI,1.12881395,54,197.32,ranked,54,/Users/xiaoyusun/AgentStockBenchmarkResults/data/universe/20260528.txt,20260528,504,504,0,0
20260528,20260517__Anthropic__Opus4_8__LinearNeutral,TFC,1.11366263,55,196.32,ranked,55,/Users/xiaoyusun/AgentStockBenchmarkResults/data/universe/20260528.txt,20260528,504,504,0,0
20260528,20260517__Anthropic__Opus4_8__LinearNeutral,CFG,1.10209757,56,195.33,ranked,56,/Users/xiaoyusun/AgentStockBenchmarkResults/data/universe/20260528.txt,20260528,504,504,0,0
20260528,20260517__Anthropic__Opus4_8__LinearNeutral,KR,1.09465868,57,194.33,ranked,57,/Users/xiaoyusun/AgentStockBenchmarkResults/data/universe/20260528.txt,20260528,504,504,0,0
20260528,20260517__Anthropic__Opus4_8__LinearNeutral,WRB,1.09143418,58,193.34,ranked,58,/Users/xiaoyusun/AgentStockBenchmarkResults/data/universe/20260528.txt,20260528,504,504,0,0
20260528,20260517__Anthropic__Opus4_8__LinearNeutral,TJX,1.08305382,59,192.35,ranked,59,/Users/xiaoyusun/AgentStockBenchmarkResults/data/universe/20260528.txt,20260528,504,504,0,0
20260528,20260517__Anthropic__Opus4_8__LinearNeutral,VRT,1.04245291,60,191.35,ranked,60,/Users/xiaoyusun/AgentStockBenchmarkResults/data/universe/20260528.txt,20260528,504,504,0,0
20260528,20260517__Anthropic__Opus4_8__LinearNeutral,LIN,1.04195125,61,190.36,ranked,61,/Users/xiaoyusun/AgentStockBenchmarkResults/data/universe/20260528.txt,20260528,504,504,0,0
20260528,20260517__Anthropic__Opus4_8__LinearNeutral,EIX,1.03153864,62,189.36,ranked,62,/Users/xiaoyusun/AgentStockBenchmarkResults/data/universe/20260528.txt,20260528,504,504,0,0
20260528,20260517__Anthropic__Opus4_8__LinearNeutral,DUK,1.00988335,63,188.37,ranked,63,/Users/xiaoyusun/AgentStockBenchmarkResults/data/universe/20260528.txt,20260528,504,504,0,0
20260528,20260517__Anthropic__Opus4_8__LinearNeutral,WMB,1.00930928,64,187.38,ranked,64,/Users/xiaoyusun/AgentStockBenchmarkResults/data/universe/20260528.txt,20260528,504,504,0,0
20260528,20260517__Anthropic__Opus4_8__LinearNeutral,HUBB,1.00595854,65,186.38,ranked,65,/Users/xiaoyusun/AgentStockBenchmarkResults/data/universe/20260528.txt,20260528,504,504,0,0
20260528,20260517__Anthropic__Opus4_8__LinearNeutral,PG,0.99462402,66,185.39,ranked,66,/Users/xiaoyusun/AgentStockBenchmarkResults/data/universe/20260528.txt,20260528,504,504,0,0
20260528,20260517__Anthropic__Opus4_8__LinearNeutral,INTC,0.99032665,67,184.39,ranked,67,/Users/xiaoyusun/AgentStockBenchmarkResults/data/universe/20260528.txt,20260528,504,504,0,0
20260528,20260517__Anthropic__Opus4_8__LinearNeutral,KEY,0.9838445,68,183.4,ranked,68,/Users/xiaoyusun/AgentStockBenchmarkResults/data/universe/20260528.txt,20260528,504,504,0,0
20260528,20260517__Anthropic__Opus4_8__LinearNeutral,FTV,0.96440541,69,182.41,ranked,69,/Users/xiaoyusun/AgentStockBenchmarkResults/data/universe/20260528.txt,20260528,504,504,0,0
20260528,20260517__Anthropic__Opus4_8__LinearNeutral,HAS,0.96394726,70,181.41,ranked,70,/Users/xiaoyusun/AgentStockBenchmarkResults/data/universe/20260528.txt,20260528,504,504,0,0
20260528,20260517__Anthropic__Opus4_8__LinearNeutral,FIX,0.95866798,71,180.42,ranked,71,/Users/xiaoyusun/AgentStockBenchmarkResults/data/universe/20260528.txt,20260528,504,504,0,0
20260528,20260517__Anthropic__Opus4_8__LinearNeutral,PGR,0.95540201,72,179.42,ranked,72,/Users/xiaoyusun/AgentStockBenchmarkResults/data/universe/20260528.txt,20260528,504,504,0,0
20260528,20260517__Anthropic__Opus4_8__LinearNeutral,AEP,0.9502955,73,178.43,ranked,73,/Users/xiaoyusun/AgentStockBenchmarkResults/data/universe/20260528.txt,20260528,504,504,0,0
20260528,20260517__Anthropic__Opus4_8__LinearNeutral,MET,0.94412636,74,177.44,ranked,74,/Users/xiaoyusun/AgentStockBenchmarkResults/data/universe/20260528.txt,20260528,504,504,0,0
20260528,20260517__Anthropic__Opus4_8__LinearNeutral,ETR,0.94174463,75,176.44,ranked,75,/Users/xiaoyusun/AgentStockBenchmarkResults/data/universe/20260528.txt,20260528,504,504,0,0
20260528,20260517__Anthropic__Opus4_8__LinearNeutral,EXC,0.93517373,76,175.45,ranked,76,/Users/xiaoyusun/AgentStockBenchmarkResults/data/universe/20260528.txt,20260528,504,504,0,0
20260528,20260517__Anthropic__Opus4_8__LinearNeutral,HPQ,0.90301401,77,174.45,ranked,77,/Users/xiaoyusun/AgentStockBenchmarkResults/data/universe/20260528.txt,20260528,504,504,0,0
20260528,20260517__Anthropic__Opus4_8__LinearNeutral,BX,0.90092076,78,173.46,ranked,78,/Users/xiaoyusun/AgentStockBenchmarkResults/data/universe/20260528.txt,20260528,504,504,0,0
20260528,20260517__Anthropic__Opus4_8__LinearNeutral,VICI,0.89718913,79,172.47,ranked,79,/Users/xiaoyusun/AgentStockBenchmarkResults/data/universe/20260528.txt,20260528,504,504,0,0
20260528,20260517__Anthropic__Opus4_8__LinearNeutral,PEP,0.89481313,80,171.47,ranked,80,/Users/xiaoyusun/AgentStockBenchmarkResults/data/universe/20260528.txt,20260528,504,504,0,0
20260528,20260517__Anthropic__Opus4_8__LinearNeutral,WEC,0.88834222,81,170.48,ranked,81,/Users/xiaoyusun/AgentStockBenchmarkResults/data/universe/20260528.txt,20260528,504,504,0,0
20260528,20260517__Anthropic__Opus4_8__LinearNeutral,STX,0.8556259,82,169.48,ranked,82,/Users/xiaoyusun/AgentStockBenchmarkResults/data/universe/20260528.txt,20260528,504,504,0,0
20260528,20260517__Anthropic__Opus4_8__LinearNeutral,AIZ,0.85361768,83,168.49,ranked,83,/Users/xiaoyusun/AgentStockBenchmarkResults/data/universe/20260528.txt,20260528,504,504,0,0
20260528,20260517__Anthropic__Opus4_8__LinearNeutral,CASY,0.85270352,84,167.5,ranked,84,/Users/xiaoyusun/AgentStockBenchmarkResults/data/universe/20260528.txt,20260528,504,504,0,0
20260528,20260517__Anthropic__Opus4_8__LinearNeutral,SRE,0.83263987,85,166.5,ranked,85,/Users/xiaoyusun/AgentStockBenchmarkResults/data/universe/20260528.txt,20260528,504,504,0,0
20260528,20260517__Anthropic__Opus4_8__LinearNeutral,COST,0.83084071,86,165.51,ranked,86,/Users/xiaoyusun/AgentStockBenchmarkResults/data/universe/20260528.txt,20260528,504,504,0,0
20260528,20260517__Anthropic__Opus4_8__LinearNeutral,HAL,0.83026212,87,164.51,ranked,87,/Users/xiaoyusun/AgentStockBenchmarkResults/data/universe/20260528.txt,20260528,504,504,0,0
20260528,20260517__Anthropic__Opus4_8__LinearNeutral,PPL,0.82714194,88,163.52,ranked,88,/Users/xiaoyusun/AgentStockBenchmarkResults/data/universe/20260528.txt,20260528,504,504,0,0
20260528,20260517__Anthropic__Opus4_8__LinearNeutral,CARR,0.82208119,89,162.52,ranked,89,/Users/xiaoyusun/AgentStockBenchmarkResults/data/universe/20260528.txt,20260528,504,504,0,0
20260528,20260517__Anthropic__Opus4_8__LinearNeutral,BMY,0.81531091,90,161.53,ranked,90,/Users/xiaoyusun/AgentStockBenchmarkResults/data/universe/20260528.txt,20260528,504,504,0,0
20260528,20260517__Anthropic__Opus4_8__LinearNeutral,MKC,0.81089135,91,160.54,ranked,91,/Users/xiaoyusun/AgentStockBenchmarkResults/data/universe/20260528.txt,20260528,504,504,0,0
20260528,20260517__Anthropic__Opus4_8__LinearNeutral,V,0.80262806,92,159.54,ranked,92,/Users/xiaoyusun/AgentStockBenchmarkResults/data/universe/20260528.txt,20260528,504,504,0,0
20260528,20260517__Anthropic__Opus4_8__LinearNeutral,COHR,0.80035452,93,158.55,ranked,93,/Users/xiaoyusun/AgentStockBenchmarkResults/data/universe/20260528.txt,20260528,504,504,0,0
20260528,20260517__Anthropic__Opus4_8__LinearNeutral,STZ,0.79490164,94,157.55,ranked,94,/Users/xiaoyusun/AgentStockBenchmarkResults/data/universe/20260528.txt,20260528,504,504,0,0
20260528,20260517__Anthropic__Opus4_8__LinearNeutral,KLAC,0.78842612,95,156.56,ranked,95,/Users/xiaoyusun/AgentStockBenchmarkResults/data/universe/20260528.txt,20260528,504,504,0,0
20260528,20260517__Anthropic__Opus4_8__LinearNeutral,GDDY,0.78457856,96,155.57,ranked,96,/Users/xiaoyusun/AgentStockBenchmarkResults/data/universe/20260528.txt,20260528,504,504,0,0
20260528,20260517__Anthropic__Opus4_8__LinearNeutral,APO,0.78101079,97,154.57,ranked,97,/Users/xiaoyusun/AgentStockBenchmarkResults/data/universe/20260528.txt,20260528,504,504,0,0
20260528,20260517__Anthropic__Opus4_8__LinearNeutral,FE,0.78039052,98,153.58,ranked,98,/Users/xiaoyusun/AgentStockBenchmarkResults/data/universe/20260528.txt,20260528,504,504,0,0
20260528,20260517__Anthropic__Opus4_8__LinearNeutral,O,0.77803155,99,152.58,ranked,99,/Users/xiaoyusun/AgentStockBenchmarkResults/data/universe/20260528.txt,20260528,504,504,0,0
20260528,20260517__Anthropic__Opus4_8__LinearNeutral,AZO,0.7777511,100,151.59,ranked,100,/Users/xiaoyusun/AgentStockBenchmarkResults/data/universe/20260528.txt,20260528,504,504,0,0
20260528,20260517__Anthropic__Opus4_8__LinearNeutral,ALB,0.7718116,101,150.6,ranked,101,/Users/xiaoyusun/AgentStockBenchmarkResults/data/universe/20260528.txt,20260528,504,504,0,0
20260528,20260517__Anthropic__Opus4_8__LinearNeutral,PODD,0.77136099,102,149.6,ranked,102,/Users/xiaoyusun/AgentStockBenchmarkResults/data/universe/20260528.txt,20260528,504,504,0,0
20260528,20260517__Anthropic__Opus4_8__LinearNeutral,PM,0.75994408,103,148.61,ranked,103,/Users/xiaoyusun/AgentStockBenchmarkResults/data/universe/20260528.txt,20260528,504,504,0,0
20260528,20260517__Anthropic__Opus4_8__LinearNeutral,NFLX,0.75436626,104,147.61,ranked,104,/Users/xiaoyusun/AgentStockBenchmarkResults/data/universe/20260528.txt,20260528,504,504,0,0
20260528,20260517__Anthropic__Opus4_8__LinearNeutral,BAC,0.75404278,105,146.62,ranked,105,/Users/xiaoyusun/AgentStockBenchmarkResults/data/universe/20260528.txt,20260528,504,504,0,0
20260528,20260517__Anthropic__Opus4_8__LinearNeutral,BEN,0.74879679,106,145.63,ranked,106,/Users/xiaoyusun/AgentStockBenchmarkResults/data/universe/20260528.txt,20260528,504,504,0,0
20260528,20260517__Anthropic__Opus4_8__LinearNeutral,COF,0.74327294,107,144.63,ranked,107,/Users/xiaoyusun/AgentStockBenchmarkResults/data/universe/20260528.txt,20260528,504,504,0,0
20260528,20260517__Anthropic__Opus4_8__LinearNeutral,LRCX,0.73130824,108,143.64,ranked,108,/Users/xiaoyusun/AgentStockBenchmarkResults/data/universe/20260528.txt,20260528,504,504,0,0
20260528,20260517__Anthropic__Opus4_8__LinearNeutral,ICE,0.73021601,109,142.64,ranked,109,/Users/xiaoyusun/AgentStockBenchmarkResults/data/universe/20260528.txt,20260528,504,504,0,0
20260528,20260517__Anthropic__Opus4_8__LinearNeutral,MMM,0.72447619,110,141.65,ranked,110,/Users/xiaoyusun/AgentStockBenchmarkResults/data/universe/20260528.txt,20260528,504,504,0,0
20260528,20260517__Anthropic__Opus4_8__LinearNeutral,CRM,0.71609385,111,140.66,ranked,111,/Users/xiaoyusun/AgentStockBenchmarkResults/data/universe/20260528.txt,20260528,504,504,0,0
20260528,20260517__Anthropic__Opus4_8__LinearNeutral,KIM,0.70127686,112,139.66,ranked,112,/Users/xiaoyusun/AgentStockBenchmarkResults/data/universe/20260528.txt,20260528,504,504,0,0
20260528,20260517__Anthropic__Opus4_8__LinearNeutral,TER,0.69937758,113,138.67,ranked,113,/Users/xiaoyusun/AgentStockBenchmarkResults/data/universe/20260528.txt,20260528,504,504,0,0
20260528,20260517__Anthropic__Opus4_8__LinearNeutral,SHW,0.69915521,114,137.67,ranked,114,/Users/xiaoyusun/AgentStockBenchmarkResults/data/universe/20260528.txt,20260528,504,504,0,0
20260528,20260517__Anthropic__Opus4_8__LinearNeutral,GEHC,0.69513871,115,136.68,ranked,115,/Users/xiaoyusun/AgentStockBenchmarkResults/data/universe/20260528.txt,20260528,504,504,0,0
20260528,20260517__Anthropic__Opus4_8__LinearNeutral,NTAP,0.68547483,116,135.69,ranked,116,/Users/xiaoyusun/AgentStockBenchmarkResults/data/universe/20260528.txt,20260528,504,504,0,0
20260528,20260517__Anthropic__Opus4_8__LinearNeutral,IEX,0.68423502,117,134.69,ranked,117,/Users/xiaoyusun/AgentStockBenchmarkResults/data/universe/20260528.txt,20260528,504,504,0,0
20260528,20260517__Anthropic__Opus4_8__LinearNeutral,PRU,0.672766,118,133.7,ranked,118,/Users/xiaoyusun/AgentStockBenchmarkResults/data/universe/20260528.txt,20260528,504,504,0,0
20260528,20260517__Anthropic__Opus4_8__LinearNeutral,PCG,0.66704779,119,132.7,ranked,119,/Users/xiaoyusun/AgentStockBenchmarkResults/data/universe/20260528.txt,20260528,504,504,0,0
20260528,20260517__Anthropic__Opus4_8__LinearNeutral,SO,0.65799856,120,131.71,ranked,120,/Users/xiaoyusun/AgentStockBenchmarkResults/data/universe/20260528.txt,20260528,504,504,0,0
20260528,20260517__Anthropic__Opus4_8__LinearNeutral,PHM,0.65347307,121,130.72,ranked,121,/Users/xiaoyusun/AgentStockBenchmarkResults/data/universe/20260528.txt,20260528,504,504,0,0
20260528,20260517__Anthropic__Opus4_8__LinearNeutral,TROW,0.64892233,122,129.72,ranked,122,/Users/xiaoyusun/AgentStockBenchmarkResults/data/universe/20260528.txt,20260528,504,504,0,0
20260528,20260517__Anthropic__Opus4_8__LinearNeutral,ACGL,0.64668887,123,128.73,ranked,123,/Users/xiaoyusun/AgentStockBenchmarkResults/data/universe/20260528.txt,20260528,504,504,0,0
20260528,20260517__Anthropic__Opus4_8__LinearNeutral,RF,0.63883039,124,127.73,ranked,124,/Users/xiaoyusun/AgentStockBenchmarkResults/data/universe/20260528.txt,20260528,504,504,0,0
20260528,20260517__Anthropic__Opus4_8__LinearNeutral,SCHW,0.63706545,125,126.74,ranked,125,/Users/xiaoyusun/AgentStockBenchmarkResults/data/universe/20260528.txt,20260528,504,504,0,0
20260528,20260517__Anthropic__Opus4_8__LinearNeutral,RMD,0.61974186,126,125.75,ranked,126,/Users/xiaoyusun/AgentStockBenchmarkResults/data/universe/20260528.txt,20260528,504,504,0,0
20260528,20260517__Anthropic__Opus4_8__LinearNeutral,JCI,0.61947805,127,124.75,ranked,127,/Users/xiaoyusun/AgentStockBenchmarkResults/data/universe/20260528.txt,20260528,504,504,0,0
20260528,20260517__Anthropic__Opus4_8__LinearNeutral,MCD,0.61878945,128,123.76,ranked,128,/Users/xiaoyusun/AgentStockBenchmarkResults/data/universe/20260528.txt,20260528,504,504,0,0
20260528,20260517__Anthropic__Opus4_8__LinearNeutral,ECL,0.6160494,129,122.76,ranked,129,/Users/xiaoyusun/AgentStockBenchmarkResults/data/universe/20260528.txt,20260528,504,504,0,0
20260528,20260517__Anthropic__Opus4_8__LinearNeutral,TPL,0.61086012,130,121.77,ranked,130,/Users/xiaoyusun/AgentStockBenchmarkResults/data/universe/20260528.txt,20260528,504,504,0,0
20260528,20260517__Anthropic__Opus4_8__LinearNeutral,TMUS,0.60630403,131,120.78,ranked,131,/Users/xiaoyusun/AgentStockBenchmarkResults/data/universe/20260528.txt,20260528,504,504,0,0
20260528,20260517__Anthropic__Opus4_8__LinearNeutral,LUV,0.60302496,132,119.78,ranked,132,/Users/xiaoyusun/AgentStockBenchmarkResults/data/universe/20260528.txt,20260528,504,504,0,0
20260528,20260517__Anthropic__Opus4_8__LinearNeutral,TT,0.59987084,133,118.79,ranked,133,/Users/xiaoyusun/AgentStockBenchmarkResults/data/universe/20260528.txt,20260528,504,504,0,0
20260528,20260517__Anthropic__Opus4_8__LinearNeutral,OKE,0.57486409,134,117.79,ranked,134,/Users/xiaoyusun/AgentStockBenchmarkResults/data/universe/20260528.txt,20260528,504,504,0,0
20260528,20260517__Anthropic__Opus4_8__LinearNeutral,JPM,0.56594838,135,116.8,ranked,135,/Users/xiaoyusun/AgentStockBenchmarkResults/data/universe/20260528.txt,20260528,504,504,0,0
20260528,20260517__Anthropic__Opus4_8__LinearNeutral,MDT,0.54798709,136,115.81,ranked,136,/Users/xiaoyusun/AgentStockBenchmarkResults/data/universe/20260528.txt,20260528,504,504,0,0
20260528,20260517__Anthropic__Opus4_8__LinearNeutral,REGN,0.53588378,137,114.81,ranked,137,/Users/xiaoyusun/AgentStockBenchmarkResults/data/universe/20260528.txt,20260528,504,504,0,0
20260528,20260517__Anthropic__Opus4_8__LinearNeutral,REG,0.53261023,138,113.82,ranked,138,/Users/xiaoyusun/AgentStockBenchmarkResults/data/universe/20260528.txt,20260528,504,504,0,0
20260528,20260517__Anthropic__Opus4_8__LinearNeutral,XYL,0.53089893,139,112.82,ranked,139,/Users/xiaoyusun/AgentStockBenchmarkResults/data/universe/20260528.txt,20260528,504,504,0,0
20260528,20260517__Anthropic__Opus4_8__LinearNeutral,HST,0.52688267,140,111.83,ranked,140,/Users/xiaoyusun/AgentStockBenchmarkResults/data/universe/20260528.txt,20260528,504,504,0,0
20260528,20260517__Anthropic__Opus4_8__LinearNeutral,AMP,0.526342,141,110.83,ranked,141,/Users/xiaoyusun/AgentStockBenchmarkResults/data/universe/20260528.txt,20260528,504,504,0,0
20260528,20260517__Anthropic__Opus4_8__LinearNeutral,PNC,0.52195527,142,109.84,ranked,142,/Users/xiaoyusun/AgentStockBenchmarkResults/data/universe/20260528.txt,20260528,504,504,0,0
20260528,20260517__Anthropic__Opus4_8__LinearNeutral,DTE,0.51850916,143,108.85,ranked,143,/Users/xiaoyusun/AgentStockBenchmarkResults/data/universe/20260528.txt,20260528,504,504,0,0
20260528,20260517__Anthropic__Opus4_8__LinearNeutral,EW,0.49526333,144,107.85,ranked,144,/Users/xiaoyusun/AgentStockBenchmarkResults/data/universe/20260528.txt,20260528,504,504,0,0
20260528,20260517__Anthropic__Opus4_8__LinearNeutral,EME,0.49509705,145,106.86,ranked,145,/Users/xiaoyusun/AgentStockBenchmarkResults/data/universe/20260528.txt,20260528,504,504,0,0
20260528,20260517__Anthropic__Opus4_8__LinearNeutral,AVB,0.49389229,146,105.86,ranked,146,/Users/xiaoyusun/AgentStockBenchmarkResults/data/universe/20260528.txt,20260528,504,504,0,0
20260528,20260517__Anthropic__Opus4_8__LinearNeutral,WM,0.48900376,147,104.87,ranked,147,/Users/xiaoyusun/AgentStockBenchmarkResults/data/universe/20260528.txt,20260528,504,504,0,0
20260528,20260517__Anthropic__Opus4_8__LinearNeutral,NEE,0.48111114,148,103.88,ranked,148,/Users/xiaoyusun/AgentStockBenchmarkResults/data/universe/20260528.txt,20260528,504,504,0,0
20260528,20260517__Anthropic__Opus4_8__LinearNeutral,MRSH,0.4745226,149,102.88,ranked,149,/Users/xiaoyusun/AgentStockBenchmarkResults/data/universe/20260528.txt,20260528,504,504,0,0
20260528,20260517__Anthropic__Opus4_8__LinearNeutral,LII,0.47362137,150,101.89,ranked,150,/Users/xiaoyusun/AgentStockBenchmarkResults/data/universe/20260528.txt,20260528,504,504,0,0
20260528,20260517__Anthropic__Opus4_8__LinearNeutral,MAR,0.47289654,151,100.89,ranked,151,/Users/xiaoyusun/AgentStockBenchmarkResults/data/universe/20260528.txt,20260528,504,504,0,0
20260528,20260517__Anthropic__Opus4_8__LinearNeutral,FDX,0.46617365,152,99.9,ranked,152,/Users/xiaoyusun/AgentStockBenchmarkResults/data/universe/20260528.txt,20260528,504,504,0,0
20260528,20260517__Anthropic__Opus4_8__LinearNeutral,GRMN,0.46431293,153,98.91,ranked,153,/Users/xiaoyusun/AgentStockBenchmarkResults/data/universe/20260528.txt,20260528,504,504,0,0
20260528,20260517__Anthropic__Opus4_8__LinearNeutral,SYF,0.45527853,154,97.91,ranked,154,/Users/xiaoyusun/AgentStockBenchmarkResults/data/universe/20260528.txt,20260528,504,504,0,0
20260528,20260517__Anthropic__Opus4_8__LinearNeutral,EXPD,0.44886266,155,96.92,ranked,155,/Users/xiaoyusun/AgentStockBenchmarkResults/data/universe/20260528.txt,20260528,504,504,0,0
20260528,20260517__Anthropic__Opus4_8__LinearNeutral,JBL,0.44347172,156,95.92,ranked,156,/Users/xiaoyusun/AgentStockBenchmarkResults/data/universe/20260528.txt,20260528,504,504,0,0
20260528,20260517__Anthropic__Opus4_8__LinearNeutral,KMI,0.43618305,157,94.93,ranked,157,/Users/xiaoyusun/AgentStockBenchmarkResults/data/universe/20260528.txt,20260528,504,504,0,0
20260528,20260517__Anthropic__Opus4_8__LinearNeutral,D,0.43266989,158,93.94,ranked,158,/Users/xiaoyusun/AgentStockBenchmarkResults/data/universe/20260528.txt,20260528,504,504,0,0
20260528,20260517__Anthropic__Opus4_8__LinearNeutral,ZBRA,0.41067615,159,92.94,ranked,159,/Users/xiaoyusun/AgentStockBenchmarkResults/data/universe/20260528.txt,20260528,504,504,0,0
20260528,20260517__Anthropic__Opus4_8__LinearNeutral,APD,0.39595985,160,91.95,ranked,160,/Users/xiaoyusun/AgentStockBenchmarkResults/data/universe/20260528.txt,20260528,504,504,0,0
20260528,20260517__Anthropic__Opus4_8__LinearNeutral,VTRS,0.390256,161,90.95,ranked,161,/Users/xiaoyusun/AgentStockBenchmarkResults/data/universe/20260528.txt,20260528,504,504,0,0
20260528,20260517__Anthropic__Opus4_8__LinearNeutral,PEG,0.3704094,162,89.96,ranked,162,/Users/xiaoyusun/AgentStockBenchmarkResults/data/universe/20260528.txt,20260528,504,504,0,0
20260528,20260517__Anthropic__Opus4_8__LinearNeutral,PH,0.35738255,163,88.97,ranked,163,/Users/xiaoyusun/AgentStockBenchmarkResults/data/universe/20260528.txt,20260528,504,504,0,0
20260528,20260517__Anthropic__Opus4_8__LinearNeutral,LEN,0.35724875,164,87.97,ranked,164,/Users/xiaoyusun/AgentStockBenchmarkResults/data/universe/20260528.txt,20260528,504,504,0,0
20260528,20260517__Anthropic__Opus4_8__LinearNeutral,PLD,0.35012404,165,86.98,ranked,165,/Users/xiaoyusun/AgentStockBenchmarkResults/data/universe/20260528.txt,20260528,504,504,0,0
20260528,20260517__Anthropic__Opus4_8__LinearNeutral,MNST,0.34326334,166,85.98,ranked,166,/Users/xiaoyusun/AgentStockBenchmarkResults/data/universe/20260528.txt,20260528,504,504,0,0
20260528,20260517__Anthropic__Opus4_8__LinearNeutral,MRK,0.33667733,167,84.99,ranked,167,/Users/xiaoyusun/AgentStockBenchmarkResults/data/universe/20260528.txt,20260528,504,504,0,0
20260528,20260517__Anthropic__Opus4_8__LinearNeutral,C,0.33173726,168,84.0,ranked,168,/Users/xiaoyusun/AgentStockBenchmarkResults/data/universe/20260528.txt,20260528,504,504,0,0
20260528,20260517__Anthropic__Opus4_8__LinearNeutral,UDR,0.32371025,169,83.0,ranked,169,/Users/xiaoyusun/AgentStockBenchmarkResults/data/universe/20260528.txt,20260528,504,504,0,0
20260528,20260517__Anthropic__Opus4_8__LinearNeutral,XOM,0.32339846,170,82.01,ranked,170,/Users/xiaoyusun/AgentStockBenchmarkResults/data/universe/20260528.txt,20260528,504,504,0,0
20260528,20260517__Anthropic__Opus4_8__LinearNeutral,CBOE,0.31503896,171,81.01,ranked,171,/Users/xiaoyusun/AgentStockBenchmarkResults/data/universe/20260528.txt,20260528,504,504,0,0
20260528,20260517__Anthropic__Opus4_8__LinearNeutral,BRK-B,0.3149734,172,80.02,ranked,172,/Users/xiaoyusun/AgentStockBenchmarkResults/data/universe/20260528.txt,20260528,504,504,0,0
20260528,20260517__Anthropic__Opus4_8__LinearNeutral,KKR,0.30752518,173,79.03,ranked,173,/Users/xiaoyusun/AgentStockBenchmarkResults/data/universe/20260528.txt,20260528,504,504,0,0
20260528,20260517__Anthropic__Opus4_8__LinearNeutral,ES,0.29992748,174,78.03,ranked,174,/Users/xiaoyusun/AgentStockBenchmarkResults/data/universe/20260528.txt,20260528,504,504,0,0
20260528,20260517__Anthropic__Opus4_8__LinearNeutral,TRGP,0.29496178,175,77.04,ranked,175,/Users/xiaoyusun/AgentStockBenchmarkResults/data/universe/20260528.txt,20260528,504,504,0,0
20260528,20260517__Anthropic__Opus4_8__LinearNeutral,USB,0.29367002,176,76.04,ranked,176,/Users/xiaoyusun/AgentStockBenchmarkResults/data/universe/20260528.txt,20260528,504,504,0,0
20260528,20260517__Anthropic__Opus4_8__LinearNeutral,DOC,0.28913702,177,75.05,ranked,177,/Users/xiaoyusun/AgentStockBenchmarkResults/data/universe/20260528.txt,20260528,504,504,0,0
20260528,20260517__Anthropic__Opus4_8__LinearNeutral,EQR,0.28615432,178,74.06,ranked,178,/Users/xiaoyusun/AgentStockBenchmarkResults/data/universe/20260528.txt,20260528,504,504,0,0
20260528,20260517__Anthropic__Opus4_8__LinearNeutral,DHI,0.28586053,179,73.06,ranked,179,/Users/xiaoyusun/AgentStockBenchmarkResults/data/universe/20260528.txt,20260528,504,504,0,0
20260528,20260517__Anthropic__Opus4_8__LinearNeutral,JNJ,0.28473128,180,72.07,ranked,180,/Users/xiaoyusun/AgentStockBenchmarkResults/data/universe/20260528.txt,20260528,504,504,0,0
20260528,20260517__Anthropic__Opus4_8__LinearNeutral,RSG,0.28043638,181,71.07,ranked,181,/Users/xiaoyusun/AgentStockBenchmarkResults/data/universe/20260528.txt,20260528,504,504,0,0
20260528,20260517__Anthropic__Opus4_8__LinearNeutral,ETN,0.27798149,182,70.08,ranked,182,/Users/xiaoyusun/AgentStockBenchmarkResults/data/universe/20260528.txt,20260528,504,504,0,0
20260528,20260517__Anthropic__Opus4_8__LinearNeutral,GL,0.26667387,183,69.09,ranked,183,/Users/xiaoyusun/AgentStockBenchmarkResults/data/universe/20260528.txt,20260528,504,504,0,0
20260528,20260517__Anthropic__Opus4_8__LinearNeutral,ON,0.26481731,184,68.09,ranked,184,/Users/xiaoyusun/AgentStockBenchmarkResults/data/universe/20260528.txt,20260528,504,504,0,0
20260528,20260517__Anthropic__Opus4_8__LinearNeutral,DELL,0.2551325,185,67.1,ranked,185,/Users/xiaoyusun/AgentStockBenchmarkResults/data/universe/20260528.txt,20260528,504,504,0,0
20260528,20260517__Anthropic__Opus4_8__LinearNeutral,FAST,0.25095378,186,66.1,ranked,186,/Users/xiaoyusun/AgentStockBenchmarkResults/data/universe/20260528.txt,20260528,504,504,0,0
20260528,20260517__Anthropic__Opus4_8__LinearNeutral,MCHP,0.24306116,187,65.11,ranked,187,/Users/xiaoyusun/AgentStockBenchmarkResults/data/universe/20260528.txt,20260528,504,504,0,0
20260528,20260517__Anthropic__Opus4_8__LinearNeutral,CME,0.23333626,188,64.12,ranked,188,/Users/xiaoyusun/AgentStockBenchmarkResults/data/universe/20260528.txt,20260528,504,504,0,0
20260528,20260517__Anthropic__Opus4_8__LinearNeutral,VMC,0.23182019,189,63.12,ranked,189,/Users/xiaoyusun/AgentStockBenchmarkResults/data/universe/20260528.txt,20260528,504,504,0,0
20260528,20260517__Anthropic__Opus4_8__LinearNeutral,SATS,0.22939045,190,62.13,ranked,190,/Users/xiaoyusun/AgentStockBenchmarkResults/data/universe/20260528.txt,20260528,504,504,0,0
20260528,20260517__Anthropic__Opus4_8__LinearNeutral,ALL,0.21722129,191,61.13,ranked,191,/Users/xiaoyusun/AgentStockBenchmarkResults/data/universe/20260528.txt,20260528,504,504,0,0
20260528,20260517__Anthropic__Opus4_8__LinearNeutral,APA,0.21614369,192,60.14,ranked,192,/Users/xiaoyusun/AgentStockBenchmarkResults/data/universe/20260528.txt,20260528,504,504,0,0
20260528,20260517__Anthropic__Opus4_8__LinearNeutral,TXN,0.21487338,193,59.15,ranked,193,/Users/xiaoyusun/AgentStockBenchmarkResults/data/universe/20260528.txt,20260528,504,504,0,0
20260528,20260517__Anthropic__Opus4_8__LinearNeutral,AMCR,0.21097196,194,58.15,ranked,194,/Users/xiaoyusun/AgentStockBenchmarkResults/data/universe/20260528.txt,20260528,504,504,0,0
20260528,20260517__Anthropic__Opus4_8__LinearNeutral,CMG,0.2060147,195,57.16,ranked,195,/Users/xiaoyusun/AgentStockBenchmarkResults/data/universe/20260528.txt,20260528,504,504,0,0
20260528,20260517__Anthropic__Opus4_8__LinearNeutral,STT,0.2048952,196,56.16,ranked,196,/Users/xiaoyusun/AgentStockBenchmarkResults/data/universe/20260528.txt,20260528,504,504,0,0
20260528,20260517__Anthropic__Opus4_8__LinearNeutral,NDSN,0.20140756,197,55.17,ranked,197,/Users/xiaoyusun/AgentStockBenchmarkResults/data/universe/20260528.txt,20260528,504,504,0,0
20260528,20260517__Anthropic__Opus4_8__LinearNeutral,AIG,0.19924197,198,54.17,ranked,198,/Users/xiaoyusun/AgentStockBenchmarkResults/data/universe/20260528.txt,20260528,504,504,0,0
20260528,20260517__Anthropic__Opus4_8__LinearNeutral,GM,0.19771745,199,53.18,ranked,199,/Users/xiaoyusun/AgentStockBenchmarkResults/data/universe/20260528.txt,20260528,504,504,0,0
20260528,20260517__Anthropic__Opus4_8__LinearNeutral,FITB,0.19488618,200,52.19,ranked,200,/Users/xiaoyusun/AgentStockBenchmarkResults/data/universe/20260528.txt,20260528,504,504,0,0
20260528,20260517__Anthropic__Opus4_8__LinearNeutral,TTWO,0.1784193,201,51.19,ranked,201,/Users/xiaoyusun/AgentStockBenchmarkResults/data/universe/20260528.txt,20260528,504,504,0,0
20260528,20260517__Anthropic__Opus4_8__LinearNeutral,MA,0.17273443,202,50.2,ranked,202,/Users/xiaoyusun/AgentStockBenchmarkResults/data/universe/20260528.txt,20260528,504,504,0,0
20260528,20260517__Anthropic__Opus4_8__LinearNeutral,NEM,0.17237405,203,49.2,ranked,203,/Users/xiaoyusun/AgentStockBenchmarkResults/data/universe/20260528.txt,20260528,504,504,0,0
20260528,20260517__Anthropic__Opus4_8__LinearNeutral,GNRC,0.16951555,204,48.21,ranked,204,/Users/xiaoyusun/AgentStockBenchmarkResults/data/universe/20260528.txt,20260528,504,504,0,0
20260528,20260517__Anthropic__Opus4_8__LinearNeutral,GOOG,0.16670557,205,47.22,ranked,205,/Users/xiaoyusun/AgentStockBenchmarkResults/data/universe/20260528.txt,20260528,504,504,0,0
20260528,20260517__Anthropic__Opus4_8__LinearNeutral,OTIS,0.16576173,206,46.22,ranked,206,/Users/xiaoyusun/AgentStockBenchmarkResults/data/universe/20260528.txt,20260528,504,504,0,0
20260528,20260517__Anthropic__Opus4_8__LinearNeutral,AMAT,0.16371295,207,45.23,ranked,207,/Users/xiaoyusun/AgentStockBenchmarkResults/data/universe/20260528.txt,20260528,504,504,0,0
20260528,20260517__Anthropic__Opus4_8__LinearNeutral,CHRW,0.15686765,208,44.23,ranked,208,/Users/xiaoyusun/AgentStockBenchmarkResults/data/universe/20260528.txt,20260528,504,504,0,0
20260528,20260517__Anthropic__Opus4_8__LinearNeutral,MTB,0.14706474,209,43.24,ranked,209,/Users/xiaoyusun/AgentStockBenchmarkResults/data/universe/20260528.txt,20260528,504,504,0,0
20260528,20260517__Anthropic__Opus4_8__LinearNeutral,CSCO,0.14617574,210,42.25,ranked,210,/Users/xiaoyusun/AgentStockBenchmarkResults/data/universe/20260528.txt,20260528,504,504,0,0
20260528,20260517__Anthropic__Opus4_8__LinearNeutral,RL,0.13587241,211,41.25,ranked,211,/Users/xiaoyusun/AgentStockBenchmarkResults/data/universe/20260528.txt,20260528,504,504,0,0
20260528,20260517__Anthropic__Opus4_8__LinearNeutral,PPG,0.12704242,212,40.26,ranked,212,/Users/xiaoyusun/AgentStockBenchmarkResults/data/universe/20260528.txt,20260528,504,504,0,0
20260528,20260517__Anthropic__Opus4_8__LinearNeutral,ERIE,0.12286353,213,39.26,ranked,213,/Users/xiaoyusun/AgentStockBenchmarkResults/data/universe/20260528.txt,20260528,504,504,0,0
20260528,20260517__Anthropic__Opus4_8__LinearNeutral,OMC,0.11755027,214,38.27,ranked,214,/Users/xiaoyusun/AgentStockBenchmarkResults/data/universe/20260528.txt,20260528,504,504,0,0
20260528,20260517__Anthropic__Opus4_8__LinearNeutral,SPG,0.10511869,215,37.28,ranked,215,/Users/xiaoyusun/AgentStockBenchmarkResults/data/universe/20260528.txt,20260528,504,504,0,0
20260528,20260517__Anthropic__Opus4_8__LinearNeutral,VZ,0.09541044,216,36.28,ranked,216,/Users/xiaoyusun/AgentStockBenchmarkResults/data/universe/20260528.txt,20260528,504,504,0,0
20260528,20260517__Anthropic__Opus4_8__LinearNeutral,COP,0.09177566,217,35.29,ranked,217,/Users/xiaoyusun/AgentStockBenchmarkResults/data/universe/20260528.txt,20260528,504,504,0,0
20260528,20260517__Anthropic__Opus4_8__LinearNeutral,MO,0.09173406,218,34.29,ranked,218,/Users/xiaoyusun/AgentStockBenchmarkResults/data/universe/20260528.txt,20260528,504,504,0,0
20260528,20260517__Anthropic__Opus4_8__LinearNeutral,DRI,0.09160864,219,33.3,ranked,219,/Users/xiaoyusun/AgentStockBenchmarkResults/data/universe/20260528.txt,20260528,504,504,0,0
20260528,20260517__Anthropic__Opus4_8__LinearNeutral,FRT,0.08563026,220,32.31,ranked,220,/Users/xiaoyusun/AgentStockBenchmarkResults/data/universe/20260528.txt,20260528,504,504,0,0
20260528,20260517__Anthropic__Opus4_8__LinearNeutral,BK,0.08132682,221,31.31,ranked,221,/Users/xiaoyusun/AgentStockBenchmarkResults/data/universe/20260528.txt,20260528,504,504,0,0
20260528,20260517__Anthropic__Opus4_8__LinearNeutral,AME,0.07916889,222,30.32,ranked,222,/Users/xiaoyusun/AgentStockBenchmarkResults/data/universe/20260528.txt,20260528,504,504,0,0
20260528,20260517__Anthropic__Opus4_8__LinearNeutral,DVN,0.07634714,223,29.32,ranked,223,/Users/xiaoyusun/AgentStockBenchmarkResults/data/universe/20260528.txt,20260528,504,504,0,0
20260528,20260517__Anthropic__Opus4_8__LinearNeutral,ITW,0.05971547,224,28.33,ranked,224,/Users/xiaoyusun/AgentStockBenchmarkResults/data/universe/20260528.txt,20260528,504,504,0,0
20260528,20260517__Anthropic__Opus4_8__LinearNeutral,HSY,0.05923004,225,27.34,ranked,225,/Users/xiaoyusun/AgentStockBenchmarkResults/data/universe/20260528.txt,20260528,504,504,0,0
20260528,20260517__Anthropic__Opus4_8__LinearNeutral,KDP,0.05903744,226,26.34,ranked,226,/Users/xiaoyusun/AgentStockBenchmarkResults/data/universe/20260528.txt,20260528,504,504,0,0
20260528,20260517__Anthropic__Opus4_8__LinearNeutral,PWR,0.05381151,227,25.35,ranked,227,/Users/xiaoyusun/AgentStockBenchmarkResults/data/universe/20260528.txt,20260528,504,504,0,0
20260528,20260517__Anthropic__Opus4_8__LinearNeutral,BLDR,0.03781207,228,24.35,ranked,228,/Users/xiaoyusun/AgentStockBenchmarkResults/data/universe/20260528.txt,20260528,504,504,0,0
20260528,20260517__Anthropic__Opus4_8__LinearNeutral,NWS,0.03716323,229,23.36,ranked,229,/Users/xiaoyusun/AgentStockBenchmarkResults/data/universe/20260528.txt,20260528,504,504,0,0
20260528,20260517__Anthropic__Opus4_8__LinearNeutral,DOV,0.03386848,230,22.37,ranked,230,/Users/xiaoyusun/AgentStockBenchmarkResults/data/universe/20260528.txt,20260528,504,504,0,0
20260528,20260517__Anthropic__Opus4_8__LinearNeutral,AOS,0.02129472,231,21.37,ranked,231,/Users/xiaoyusun/AgentStockBenchmarkResults/data/universe/20260528.txt,20260528,504,504,0,0
20260528,20260517__Anthropic__Opus4_8__LinearNeutral,TEL,0.0176168,232,20.38,ranked,232,/Users/xiaoyusun/AgentStockBenchmarkResults/data/universe/20260528.txt,20260528,504,504,0,0
20260528,20260517__Anthropic__Opus4_8__LinearNeutral,EQIX,0.0166629,233,19.38,ranked,233,/Users/xiaoyusun/AgentStockBenchmarkResults/data/universe/20260528.txt,20260528,504,504,0,0
20260528,20260517__Anthropic__Opus4_8__LinearNeutral,MCO,0.01650031,234,18.39,ranked,234,/Users/xiaoyusun/AgentStockBenchmarkResults/data/universe/20260528.txt,20260528,504,504,0,0
20260528,20260517__Anthropic__Opus4_8__LinearNeutral,GOOGL,0.01552746,235,17.4,ranked,235,/Users/xiaoyusun/AgentStockBenchmarkResults/data/universe/20260528.txt,20260528,504,504,0,0
20260528,20260517__Anthropic__Opus4_8__LinearNeutral,BALL,0.0075846,236,16.4,ranked,236,/Users/xiaoyusun/AgentStockBenchmarkResults/data/universe/20260528.txt,20260528,504,504,0,0
20260528,20260517__Anthropic__Opus4_8__LinearNeutral,PKG,0.00744195,237,15.41,ranked,237,/Users/xiaoyusun/AgentStockBenchmarkResults/data/universe/20260528.txt,20260528,504,504,0,0
20260528,20260517__Anthropic__Opus4_8__LinearNeutral,PFE,0.00317422,238,14.41,ranked,238,/Users/xiaoyusun/AgentStockBenchmarkResults/data/universe/20260528.txt,20260528,504,504,0,0
20260528,20260517__Anthropic__Opus4_8__LinearNeutral,WTW,-0.00150342,239,13.42,ranked,239,/Users/xiaoyusun/AgentStockBenchmarkResults/data/universe/20260528.txt,20260528,504,504,0,0
20260528,20260517__Anthropic__Opus4_8__LinearNeutral,INCY,-0.00328281,240,12.43,ranked,240,/Users/xiaoyusun/AgentStockBenchmarkResults/data/universe/20260528.txt,20260528,504,504,0,0
20260528,20260517__Anthropic__Opus4_8__LinearNeutral,WMT,-0.00814509,241,11.43,ranked,241,/Users/xiaoyusun/AgentStockBenchmarkResults/data/universe/20260528.txt,20260528,504,504,0,0
20260528,20260517__Anthropic__Opus4_8__LinearNeutral,META,-0.00933865,242,10.44,ranked,242,/Users/xiaoyusun/AgentStockBenchmarkResults/data/universe/20260528.txt,20260528,504,504,0,0
20260528,20260517__Anthropic__Opus4_8__LinearNeutral,EL,-0.01236745,243,9.44,ranked,243,/Users/xiaoyusun/AgentStockBenchmarkResults/data/universe/20260528.txt,20260528,504,504,0,0
20260528,20260517__Anthropic__Opus4_8__LinearNeutral,TXT,-0.02016099,244,8.45,ranked,244,/Users/xiaoyusun/AgentStockBenchmarkResults/data/universe/20260528.txt,20260528,504,504,0,0
20260528,20260517__Anthropic__Opus4_8__LinearNeutral,DPZ,-0.0209484,245,7.46,ranked,245,/Users/xiaoyusun/AgentStockBenchmarkResults/data/universe/20260528.txt,20260528,504,504,0,0
20260528,20260517__Anthropic__Opus4_8__LinearNeutral,CEG,-0.02264496,246,6.46,ranked,246,/Users/xiaoyusun/AgentStockBenchmarkResults/data/universe/20260528.txt,20260528,504,504,0,0
20260528,20260517__Anthropic__Opus4_8__LinearNeutral,STLD,-0.02961895,247,5.47,ranked,247,/Users/xiaoyusun/AgentStockBenchmarkResults/data/universe/20260528.txt,20260528,504,504,0,0
20260528,20260517__Anthropic__Opus4_8__LinearNeutral,MPWR,-0.0338221,248,4.47,ranked,248,/Users/xiaoyusun/AgentStockBenchmarkResults/data/universe/20260528.txt,20260528,504,504,0,0
20260528,20260517__Anthropic__Opus4_8__LinearNeutral,DASH,-0.03990961,249,3.48,ranked,249,/Users/xiaoyusun/AgentStockBenchmarkResults/data/universe/20260528.txt,20260528,504,504,0,0
20260528,20260517__Anthropic__Opus4_8__LinearNeutral,NTRS,-0.04076988,250,2.49,ranked,250,/Users/xiaoyusun/AgentStockBenchmarkResults/data/universe/20260528.txt,20260528,504,504,0,0
20260528,20260517__Anthropic__Opus4_8__LinearNeutral,MRNA,-0.0475714,251,1.49,ranked,251,/Users/xiaoyusun/AgentStockBenchmarkResults/data/universe/20260528.txt,20260528,504,504,0,0
20260528,20260517__Anthropic__Opus4_8__LinearNeutral,CDNS,-0.05593505,252,0.5,ranked,252,/Users/xiaoyusun/AgentStockBenchmarkResults/data/universe/20260528.txt,20260528,504,504,0,0
20260528,20260517__Anthropic__Opus4_8__LinearNeutral,EOG,-0.05832738,253,-0.5,ranked,253,/Users/xiaoyusun/AgentStockBenchmarkResults/data/universe/20260528.txt,20260528,504,504,0,0
20260528,20260517__Anthropic__Opus4_8__LinearNeutral,UNH,-0.06186149,254,-1.49,ranked,254,/Users/xiaoyusun/AgentStockBenchmarkResults/data/universe/20260528.txt,20260528,504,504,0,0
20260528,20260517__Anthropic__Opus4_8__LinearNeutral,ADI,-0.06992791,255,-2.49,ranked,255,/Users/xiaoyusun/AgentStockBenchmarkResults/data/universe/20260528.txt,20260528,504,504,0,0
20260528,20260517__Anthropic__Opus4_8__LinearNeutral,EPAM,-0.07303134,256,-3.48,ranked,256,/Users/xiaoyusun/AgentStockBenchmarkResults/data/universe/20260528.txt,20260528,504,504,0,0
20260528,20260517__Anthropic__Opus4_8__LinearNeutral,CMCSA,-0.07457264,257,-4.47,ranked,257,/Users/xiaoyusun/AgentStockBenchmarkResults/data/universe/20260528.txt,20260528,504,504,0,0
20260528,20260517__Anthropic__Opus4_8__LinearNeutral,CMI,-0.08006614,258,-5.47,ranked,258,/Users/xiaoyusun/AgentStockBenchmarkResults/data/universe/20260528.txt,20260528,504,504,0,0
20260528,20260517__Anthropic__Opus4_8__LinearNeutral,CAH,-0.08637148,259,-6.46,ranked,259,/Users/xiaoyusun/AgentStockBenchmarkResults/data/universe/20260528.txt,20260528,504,504,0,0
20260528,20260517__Anthropic__Opus4_8__LinearNeutral,JKHY,-0.08763487,260,-7.46,ranked,260,/Users/xiaoyusun/AgentStockBenchmarkResults/data/universe/20260528.txt,20260528,504,504,0,0
20260528,20260517__Anthropic__Opus4_8__LinearNeutral,HBAN,-0.10609721,261,-8.45,ranked,261,/Users/xiaoyusun/AgentStockBenchmarkResults/data/universe/20260528.txt,20260528,504,504,0,0
20260528,20260517__Anthropic__Opus4_8__LinearNeutral,NWSA,-0.1088037,262,-9.44,ranked,262,/Users/xiaoyusun/AgentStockBenchmarkResults/data/universe/20260528.txt,20260528,504,504,0,0
20260528,20260517__Anthropic__Opus4_8__LinearNeutral,DECK,-0.11335213,263,-10.44,ranked,263,/Users/xiaoyusun/AgentStockBenchmarkResults/data/universe/20260528.txt,20260528,504,504,0,0
20260528,20260517__Anthropic__Opus4_8__LinearNeutral,SWK,-0.11547558,264,-11.43,ranked,264,/Users/xiaoyusun/AgentStockBenchmarkResults/data/universe/20260528.txt,20260528,504,504,0,0
20260528,20260517__Anthropic__Opus4_8__LinearNeutral,ORLY,-0.11775129,265,-12.43,ranked,265,/Users/xiaoyusun/AgentStockBenchmarkResults/data/universe/20260528.txt,20260528,504,504,0,0
20260528,20260517__Anthropic__Opus4_8__LinearNeutral,CLX,-0.1188254,266,-13.42,ranked,266,/Users/xiaoyusun/AgentStockBenchmarkResults/data/universe/20260528.txt,20260528,504,504,0,0
20260528,20260517__Anthropic__Opus4_8__LinearNeutral,ARES,-0.11895524,267,-14.41,ranked,267,/Users/xiaoyusun/AgentStockBenchmarkResults/data/universe/20260528.txt,20260528,504,504,0,0
20260528,20260517__Anthropic__Opus4_8__LinearNeutral,URI,-0.11986742,268,-15.41,ranked,268,/Users/xiaoyusun/AgentStockBenchmarkResults/data/universe/20260528.txt,20260528,504,504,0,0
20260528,20260517__Anthropic__Opus4_8__LinearNeutral,CI,-0.12023173,269,-16.4,ranked,269,/Users/xiaoyusun/AgentStockBenchmarkResults/data/universe/20260528.txt,20260528,504,504,0,0
20260528,20260517__Anthropic__Opus4_8__LinearNeutral,TRMB,-0.12359408,270,-17.4,ranked,270,/Users/xiaoyusun/AgentStockBenchmarkResults/data/universe/20260528.txt,20260528,504,504,0,0
20260528,20260517__Anthropic__Opus4_8__LinearNeutral,BIIB,-0.12590619,271,-18.39,ranked,271,/Users/xiaoyusun/AgentStockBenchmarkResults/data/universe/20260528.txt,20260528,504,504,0,0
20260528,20260517__Anthropic__Opus4_8__LinearNeutral,PCAR,-0.13140701,272,-19.38,ranked,272,/Users/xiaoyusun/AgentStockBenchmarkResults/data/universe/20260528.txt,20260528,504,504,0,0
20260528,20260517__Anthropic__Opus4_8__LinearNeutral,ZTS,-0.13598102,273,-20.38,ranked,273,/Users/xiaoyusun/AgentStockBenchmarkResults/data/universe/20260528.txt,20260528,504,504,0,0
20260528,20260517__Anthropic__Opus4_8__LinearNeutral,WAB,-0.13860114,274,-21.37,ranked,274,/Users/xiaoyusun/AgentStockBenchmarkResults/data/universe/20260528.txt,20260528,504,504,0,0
20260528,20260517__Anthropic__Opus4_8__LinearNeutral,DOW,-0.14117375,275,-22.37,ranked,275,/Users/xiaoyusun/AgentStockBenchmarkResults/data/universe/20260528.txt,20260528,504,504,0,0
20260528,20260517__Anthropic__Opus4_8__LinearNeutral,IR,-0.15912119,276,-23.36,ranked,276,/Users/xiaoyusun/AgentStockBenchmarkResults/data/universe/20260528.txt,20260528,504,504,0,0
20260528,20260517__Anthropic__Opus4_8__LinearNeutral,CPAY,-0.1618709,277,-24.35,ranked,277,/Users/xiaoyusun/AgentStockBenchmarkResults/data/universe/20260528.txt,20260528,504,504,0,0
20260528,20260517__Anthropic__Opus4_8__LinearNeutral,ADSK,-0.16620834,278,-25.35,ranked,278,/Users/xiaoyusun/AgentStockBenchmarkResults/data/universe/20260528.txt,20260528,504,504,0,0
20260528,20260517__Anthropic__Opus4_8__LinearNeutral,ROK,-0.17154319,279,-26.34,ranked,279,/Users/xiaoyusun/AgentStockBenchmarkResults/data/universe/20260528.txt,20260528,504,504,0,0
20260528,20260517__Anthropic__Opus4_8__LinearNeutral,CVX,-0.17352509,280,-27.34,ranked,280,/Users/xiaoyusun/AgentStockBenchmarkResults/data/universe/20260528.txt,20260528,504,504,0,0
20260528,20260517__Anthropic__Opus4_8__LinearNeutral,CHD,-0.17577324,281,-28.33,ranked,281,/Users/xiaoyusun/AgentStockBenchmarkResults/data/universe/20260528.txt,20260528,504,504,0,0
20260528,20260517__Anthropic__Opus4_8__LinearNeutral,AKAM,-0.17719124,282,-29.32,ranked,282,/Users/xiaoyusun/AgentStockBenchmarkResults/data/universe/20260528.txt,20260528,504,504,0,0
20260528,20260517__Anthropic__Opus4_8__LinearNeutral,WY,-0.17921673,283,-30.32,ranked,283,/Users/xiaoyusun/AgentStockBenchmarkResults/data/universe/20260528.txt,20260528,504,504,0,0
20260528,20260517__Anthropic__Opus4_8__LinearNeutral,HLT,-0.17984539,284,-31.31,ranked,284,/Users/xiaoyusun/AgentStockBenchmarkResults/data/universe/20260528.txt,20260528,504,504,0,0
20260528,20260517__Anthropic__Opus4_8__LinearNeutral,NUE,-0.18248646,285,-32.31,ranked,285,/Users/xiaoyusun/AgentStockBenchmarkResults/data/universe/20260528.txt,20260528,504,504,0,0
20260528,20260517__Anthropic__Opus4_8__LinearNeutral,DIS,-0.18810576,286,-33.3,ranked,286,/Users/xiaoyusun/AgentStockBenchmarkResults/data/universe/20260528.txt,20260528,504,504,0,0
20260528,20260517__Anthropic__Opus4_8__LinearNeutral,UBER,-0.19693583,287,-34.29,ranked,287,/Users/xiaoyusun/AgentStockBenchmarkResults/data/universe/20260528.txt,20260528,504,504,0,0
20260528,20260517__Anthropic__Opus4_8__LinearNeutral,INTU,-0.19758888,288,-35.29,ranked,288,/Users/xiaoyusun/AgentStockBenchmarkResults/data/universe/20260528.txt,20260528,504,504,0,0
20260528,20260517__Anthropic__Opus4_8__LinearNeutral,LVS,-0.20553925,289,-36.28,ranked,289,/Users/xiaoyusun/AgentStockBenchmarkResults/data/universe/20260528.txt,20260528,504,504,0,0
20260528,20260517__Anthropic__Opus4_8__LinearNeutral,GEN,-0.20655993,290,-37.28,ranked,290,/Users/xiaoyusun/AgentStockBenchmarkResults/data/universe/20260528.txt,20260528,504,504,0,0
20260528,20260517__Anthropic__Opus4_8__LinearNeutral,T,-0.20859056,291,-38.27,ranked,291,/Users/xiaoyusun/AgentStockBenchmarkResults/data/universe/20260528.txt,20260528,504,504,0,0
20260528,20260517__Anthropic__Opus4_8__LinearNeutral,NXPI,-0.21052029,292,-39.26,ranked,292,/Users/xiaoyusun/AgentStockBenchmarkResults/data/universe/20260528.txt,20260528,504,504,0,0
20260528,20260517__Anthropic__Opus4_8__LinearNeutral,INVH,-0.21956646,293,-40.26,ranked,293,/Users/xiaoyusun/AgentStockBenchmarkResults/data/universe/20260528.txt,20260528,504,504,0,0
20260528,20260517__Anthropic__Opus4_8__LinearNeutral,CVNA,-0.22225737,294,-41.25,ranked,294,/Users/xiaoyusun/AgentStockBenchmarkResults/data/universe/20260528.txt,20260528,504,504,0,0
20260528,20260517__Anthropic__Opus4_8__LinearNeutral,CCI,-0.22261967,295,-42.25,ranked,295,/Users/xiaoyusun/AgentStockBenchmarkResults/data/universe/20260528.txt,20260528,504,504,0,0
20260528,20260517__Anthropic__Opus4_8__LinearNeutral,AON,-0.22831852,296,-43.24,ranked,296,/Users/xiaoyusun/AgentStockBenchmarkResults/data/universe/20260528.txt,20260528,504,504,0,0
20260528,20260517__Anthropic__Opus4_8__LinearNeutral,NVDA,-0.23000115,297,-44.23,ranked,297,/Users/xiaoyusun/AgentStockBenchmarkResults/data/universe/20260528.txt,20260528,504,504,0,0
20260528,20260517__Anthropic__Opus4_8__LinearNeutral,DD,-0.23375026,298,-45.23,ranked,298,/Users/xiaoyusun/AgentStockBenchmarkResults/data/universe/20260528.txt,20260528,504,504,0,0
20260528,20260517__Anthropic__Opus4_8__LinearNeutral,DLR,-0.23401352,299,-46.22,ranked,299,/Users/xiaoyusun/AgentStockBenchmarkResults/data/universe/20260528.txt,20260528,504,504,0,0
20260528,20260517__Anthropic__Opus4_8__LinearNeutral,KVUE,-0.23549964,300,-47.22,ranked,300,/Users/xiaoyusun/AgentStockBenchmarkResults/data/universe/20260528.txt,20260528,504,504,0,0
20260528,20260517__Anthropic__Opus4_8__LinearNeutral,OXY,-0.23903785,301,-48.21,ranked,301,/Users/xiaoyusun/AgentStockBenchmarkResults/data/universe/20260528.txt,20260528,504,504,0,0
20260528,20260517__Anthropic__Opus4_8__LinearNeutral,BXP,-0.23906152,302,-49.2,ranked,302,/Users/xiaoyusun/AgentStockBenchmarkResults/data/universe/20260528.txt,20260528,504,504,0,0
20260528,20260517__Anthropic__Opus4_8__LinearNeutral,ANET,-0.2461829,303,-50.2,ranked,303,/Users/xiaoyusun/AgentStockBenchmarkResults/data/universe/20260528.txt,20260528,504,504,0,0
20260528,20260517__Anthropic__Opus4_8__LinearNeutral,AMGN,-0.24805797,304,-51.19,ranked,304,/Users/xiaoyusun/AgentStockBenchmarkResults/data/universe/20260528.txt,20260528,504,504,0,0
20260528,20260517__Anthropic__Opus4_8__LinearNeutral,MCK,-0.2496289,305,-52.19,ranked,305,/Users/xiaoyusun/AgentStockBenchmarkResults/data/universe/20260528.txt,20260528,504,504,0,0
20260528,20260517__Anthropic__Opus4_8__LinearNeutral,ESS,-0.25188752,306,-53.18,ranked,306,/Users/xiaoyusun/AgentStockBenchmarkResults/data/universe/20260528.txt,20260528,504,504,0,0
20260528,20260517__Anthropic__Opus4_8__LinearNeutral,FANG,-0.25548852,307,-54.17,ranked,307,/Users/xiaoyusun/AgentStockBenchmarkResults/data/universe/20260528.txt,20260528,504,504,0,0
20260528,20260517__Anthropic__Opus4_8__LinearNeutral,CF,-0.2639395,308,-55.17,ranked,308,/Users/xiaoyusun/AgentStockBenchmarkResults/data/universe/20260528.txt,20260528,504,504,0,0
20260528,20260517__Anthropic__Opus4_8__LinearNeutral,Q,-0.27224735,309,-56.16,ranked,309,/Users/xiaoyusun/AgentStockBenchmarkResults/data/universe/20260528.txt,20260528,504,504,0,0
20260528,20260517__Anthropic__Opus4_8__LinearNeutral,IBKR,-0.27654561,310,-57.16,ranked,310,/Users/xiaoyusun/AgentStockBenchmarkResults/data/universe/20260528.txt,20260528,504,504,0,0
20260528,20260517__Anthropic__Opus4_8__LinearNeutral,KMB,-0.28349351,311,-58.15,ranked,311,/Users/xiaoyusun/AgentStockBenchmarkResults/data/universe/20260528.txt,20260528,504,504,0,0
20260528,20260517__Anthropic__Opus4_8__LinearNeutral,AVGO,-0.28893396,312,-59.15,ranked,312,/Users/xiaoyusun/AgentStockBenchmarkResults/data/universe/20260528.txt,20260528,504,504,0,0
20260528,20260517__Anthropic__Opus4_8__LinearNeutral,CCL,-0.29083172,313,-60.14,ranked,313,/Users/xiaoyusun/AgentStockBenchmarkResults/data/universe/20260528.txt,20260528,504,504,0,0
20260528,20260517__Anthropic__Opus4_8__LinearNeutral,WYNN,-0.30425257,314,-61.13,ranked,314,/Users/xiaoyusun/AgentStockBenchmarkResults/data/universe/20260528.txt,20260528,504,504,0,0
20260528,20260517__Anthropic__Opus4_8__LinearNeutral,ODFL,-0.30493977,315,-62.13,ranked,315,/Users/xiaoyusun/AgentStockBenchmarkResults/data/universe/20260528.txt,20260528,504,504,0,0
20260528,20260517__Anthropic__Opus4_8__LinearNeutral,DAL,-0.30673257,316,-63.12,ranked,316,/Users/xiaoyusun/AgentStockBenchmarkResults/data/universe/20260528.txt,20260528,504,504,0,0
20260528,20260517__Anthropic__Opus4_8__LinearNeutral,NRG,-0.30741202,317,-64.12,ranked,317,/Users/xiaoyusun/AgentStockBenchmarkResults/data/universe/20260528.txt,20260528,504,504,0,0
20260528,20260517__Anthropic__Opus4_8__LinearNeutral,CSGP,-0.32729857,318,-65.11,ranked,318,/Users/xiaoyusun/AgentStockBenchmarkResults/data/universe/20260528.txt,20260528,504,504,0,0
20260528,20260517__Anthropic__Opus4_8__LinearNeutral,MSI,-0.32777648,319,-66.1,ranked,319,/Users/xiaoyusun/AgentStockBenchmarkResults/data/universe/20260528.txt,20260528,504,504,0,0
20260528,20260517__Anthropic__Opus4_8__LinearNeutral,SPGI,-0.32942751,320,-67.1,ranked,320,/Users/xiaoyusun/AgentStockBenchmarkResults/data/universe/20260528.txt,20260528,504,504,0,0
20260528,20260517__Anthropic__Opus4_8__LinearNeutral,IRM,-0.33151288,321,-68.09,ranked,321,/Users/xiaoyusun/AgentStockBenchmarkResults/data/universe/20260528.txt,20260528,504,504,0,0
20260528,20260517__Anthropic__Opus4_8__LinearNeutral,HPE,-0.33357027,322,-69.09,ranked,322,/Users/xiaoyusun/AgentStockBenchmarkResults/data/universe/20260528.txt,20260528,504,504,0,0
20260528,20260517__Anthropic__Opus4_8__LinearNeutral,CPT,-0.33468079,323,-70.08,ranked,323,/Users/xiaoyusun/AgentStockBenchmarkResults/data/universe/20260528.txt,20260528,504,504,0,0
20260528,20260517__Anthropic__Opus4_8__LinearNeutral,DDOG,-0.33773207,324,-71.07,ranked,324,/Users/xiaoyusun/AgentStockBenchmarkResults/data/universe/20260528.txt,20260528,504,504,0,0
20260528,20260517__Anthropic__Opus4_8__LinearNeutral,TGT,-0.33811213,325,-72.07,ranked,325,/Users/xiaoyusun/AgentStockBenchmarkResults/data/universe/20260528.txt,20260528,504,504,0,0
20260528,20260517__Anthropic__Opus4_8__LinearNeutral,AMD,-0.34431317,326,-73.06,ranked,326,/Users/xiaoyusun/AgentStockBenchmarkResults/data/universe/20260528.txt,20260528,504,504,0,0
20260528,20260517__Anthropic__Opus4_8__LinearNeutral,LDOS,-0.35378741,327,-74.06,ranked,327,/Users/xiaoyusun/AgentStockBenchmarkResults/data/universe/20260528.txt,20260528,504,504,0,0
20260528,20260517__Anthropic__Opus4_8__LinearNeutral,BAX,-0.35466245,328,-75.05,ranked,328,/Users/xiaoyusun/AgentStockBenchmarkResults/data/universe/20260528.txt,20260528,504,504,0,0
20260528,20260517__Anthropic__Opus4_8__LinearNeutral,EFX,-0.3550437,329,-76.04,ranked,329,/Users/xiaoyusun/AgentStockBenchmarkResults/data/universe/20260528.txt,20260528,504,504,0,0
20260528,20260517__Anthropic__Opus4_8__LinearNeutral,EQT,-0.36057727,330,-77.04,ranked,330,/Users/xiaoyusun/AgentStockBenchmarkResults/data/universe/20260528.txt,20260528,504,504,0,0
20260528,20260517__Anthropic__Opus4_8__LinearNeutral,JBHT,-0.36496305,331,-78.03,ranked,331,/Users/xiaoyusun/AgentStockBenchmarkResults/data/universe/20260528.txt,20260528,504,504,0,0
20260528,20260517__Anthropic__Opus4_8__LinearNeutral,HON,-0.36846825,332,-79.03,ranked,332,/Users/xiaoyusun/AgentStockBenchmarkResults/data/universe/20260528.txt,20260528,504,504,0,0
20260528,20260517__Anthropic__Opus4_8__LinearNeutral,SOLV,-0.37442722,333,-80.02,ranked,333,/Users/xiaoyusun/AgentStockBenchmarkResults/data/universe/20260528.txt,20260528,504,504,0,0
20260528,20260517__Anthropic__Opus4_8__LinearNeutral,EXPE,-0.37618264,334,-81.01,ranked,334,/Users/xiaoyusun/AgentStockBenchmarkResults/data/universe/20260528.txt,20260528,504,504,0,0
20260528,20260517__Anthropic__Opus4_8__LinearNeutral,GWW,-0.38073073,335,-82.01,ranked,335,/Users/xiaoyusun/AgentStockBenchmarkResults/data/universe/20260528.txt,20260528,504,504,0,0
20260528,20260517__Anthropic__Opus4_8__LinearNeutral,HII,-0.38233795,336,-83.0,ranked,336,/Users/xiaoyusun/AgentStockBenchmarkResults/data/universe/20260528.txt,20260528,504,504,0,0
20260528,20260517__Anthropic__Opus4_8__LinearNeutral,LULU,-0.38374882,337,-84.0,ranked,337,/Users/xiaoyusun/AgentStockBenchmarkResults/data/universe/20260528.txt,20260528,504,504,0,0
20260528,20260517__Anthropic__Opus4_8__LinearNeutral,RVTY,-0.38549304,338,-84.99,ranked,338,/Users/xiaoyusun/AgentStockBenchmarkResults/data/universe/20260528.txt,20260528,504,504,0,0
20260528,20260517__Anthropic__Opus4_8__LinearNeutral,VST,-0.38623097,339,-85.98,ranked,339,/Users/xiaoyusun/AgentStockBenchmarkResults/data/universe/20260528.txt,20260528,504,504,0,0
20260528,20260517__Anthropic__Opus4_8__LinearNeutral,VRSN,-0.39335933,340,-86.98,ranked,340,/Users/xiaoyusun/AgentStockBenchmarkResults/data/universe/20260528.txt,20260528,504,504,0,0
20260528,20260517__Anthropic__Opus4_8__LinearNeutral,MLM,-0.41193696,341,-87.97,ranked,341,/Users/xiaoyusun/AgentStockBenchmarkResults/data/universe/20260528.txt,20260528,504,504,0,0
20260528,20260517__Anthropic__Opus4_8__LinearNeutral,HWM,-0.41671896,342,-88.97,ranked,342,/Users/xiaoyusun/AgentStockBenchmarkResults/data/universe/20260528.txt,20260528,504,504,0,0
20260528,20260517__Anthropic__Opus4_8__LinearNeutral,LYV,-0.42877527,343,-89.96,ranked,343,/Users/xiaoyusun/AgentStockBenchmarkResults/data/universe/20260528.txt,20260528,504,504,0,0
20260528,20260517__Anthropic__Opus4_8__LinearNeutral,COO,-0.45174871,344,-90.95,ranked,344,/Users/xiaoyusun/AgentStockBenchmarkResults/data/universe/20260528.txt,20260528,504,504,0,0
20260528,20260517__Anthropic__Opus4_8__LinearNeutral,MS,-0.46429303,345,-91.95,ranked,345,/Users/xiaoyusun/AgentStockBenchmarkResults/data/universe/20260528.txt,20260528,504,504,0,0
20260528,20260517__Anthropic__Opus4_8__LinearNeutral,AES,-0.46494149,346,-92.94,ranked,346,/Users/xiaoyusun/AgentStockBenchmarkResults/data/universe/20260528.txt,20260528,504,504,0,0
20260528,20260517__Anthropic__Opus4_8__LinearNeutral,COR,-0.46529434,347,-93.94,ranked,347,/Users/xiaoyusun/AgentStockBenchmarkResults/data/universe/20260528.txt,20260528,504,504,0,0
20260528,20260517__Anthropic__Opus4_8__LinearNeutral,CVS,-0.46631663,348,-94.93,ranked,348,/Users/xiaoyusun/AgentStockBenchmarkResults/data/universe/20260528.txt,20260528,504,504,0,0
20260528,20260517__Anthropic__Opus4_8__LinearNeutral,BF-B,-0.47526805,349,-95.92,ranked,349,/Users/xiaoyusun/AgentStockBenchmarkResults/data/universe/20260528.txt,20260528,504,504,0,0
20260528,20260517__Anthropic__Opus4_8__LinearNeutral,SYK,-0.4781998,350,-96.92,ranked,350,/Users/xiaoyusun/AgentStockBenchmarkResults/data/universe/20260528.txt,20260528,504,504,0,0
20260528,20260517__Anthropic__Opus4_8__LinearNeutral,FOXA,-0.48530947,351,-97.91,ranked,351,/Users/xiaoyusun/AgentStockBenchmarkResults/data/universe/20260528.txt,20260528,504,504,0,0
20260528,20260517__Anthropic__Opus4_8__LinearNeutral,ADM,-0.48778705,352,-98.91,ranked,352,/Users/xiaoyusun/AgentStockBenchmarkResults/data/universe/20260528.txt,20260528,504,504,0,0
20260528,20260517__Anthropic__Opus4_8__LinearNeutral,AAPL,-0.49017967,353,-99.9,ranked,353,/Users/xiaoyusun/AgentStockBenchmarkResults/data/universe/20260528.txt,20260528,504,504,0,0
20260528,20260517__Anthropic__Opus4_8__LinearNeutral,POOL,-0.49096095,354,-100.89,ranked,354,/Users/xiaoyusun/AgentStockBenchmarkResults/data/universe/20260528.txt,20260528,504,504,0,0
20260528,20260517__Anthropic__Opus4_8__LinearNeutral,BRO,-0.49149971,355,-101.89,ranked,355,/Users/xiaoyusun/AgentStockBenchmarkResults/data/universe/20260528.txt,20260528,504,504,0,0
20260528,20260517__Anthropic__Opus4_8__LinearNeutral,CTSH,-0.49214123,356,-102.88,ranked,356,/Users/xiaoyusun/AgentStockBenchmarkResults/data/universe/20260528.txt,20260528,504,504,0,0
20260528,20260517__Anthropic__Opus4_8__LinearNeutral,TSLA,-0.4936366,357,-103.88,ranked,357,/Users/xiaoyusun/AgentStockBenchmarkResults/data/universe/20260528.txt,20260528,504,504,0,0
20260528,20260517__Anthropic__Opus4_8__LinearNeutral,LOW,-0.49381804,358,-104.87,ranked,358,/Users/xiaoyusun/AgentStockBenchmarkResults/data/universe/20260528.txt,20260528,504,504,0,0
20260528,20260517__Anthropic__Opus4_8__LinearNeutral,UAL,-0.49937359,359,-105.86,ranked,359,/Users/xiaoyusun/AgentStockBenchmarkResults/data/universe/20260528.txt,20260528,504,504,0,0
20260528,20260517__Anthropic__Opus4_8__LinearNeutral,CRH,-0.50969239,360,-106.86,ranked,360,/Users/xiaoyusun/AgentStockBenchmarkResults/data/universe/20260528.txt,20260528,504,504,0,0
20260528,20260517__Anthropic__Opus4_8__LinearNeutral,NCLH,-0.51242225,361,-107.85,ranked,361,/Users/xiaoyusun/AgentStockBenchmarkResults/data/universe/20260528.txt,20260528,504,504,0,0
20260528,20260517__Anthropic__Opus4_8__LinearNeutral,FTNT,-0.5131344,362,-108.85,ranked,362,/Users/xiaoyusun/AgentStockBenchmarkResults/data/universe/20260528.txt,20260528,504,504,0,0
20260528,20260517__Anthropic__Opus4_8__LinearNeutral,MDLZ,-0.52782704,363,-109.84,ranked,363,/Users/xiaoyusun/AgentStockBenchmarkResults/data/universe/20260528.txt,20260528,504,504,0,0
20260528,20260517__Anthropic__Opus4_8__LinearNeutral,WSM,-0.53007856,364,-110.83,ranked,364,/Users/xiaoyusun/AgentStockBenchmarkResults/data/universe/20260528.txt,20260528,504,504,0,0
20260528,20260517__Anthropic__Opus4_8__LinearNeutral,IFF,-0.53290544,365,-111.83,ranked,365,/Users/xiaoyusun/AgentStockBenchmarkResults/data/universe/20260528.txt,20260528,504,504,0,0
20260528,20260517__Anthropic__Opus4_8__LinearNeutral,BKNG,-0.54143019,366,-112.82,ranked,366,/Users/xiaoyusun/AgentStockBenchmarkResults/data/universe/20260528.txt,20260528,504,504,0,0
20260528,20260517__Anthropic__Opus4_8__LinearNeutral,BDX,-0.54404504,367,-113.82,ranked,367,/Users/xiaoyusun/AgentStockBenchmarkResults/data/universe/20260528.txt,20260528,504,504,0,0
20260528,20260517__Anthropic__Opus4_8__LinearNeutral,PSA,-0.54594681,368,-114.81,ranked,368,/Users/xiaoyusun/AgentStockBenchmarkResults/data/universe/20260528.txt,20260528,504,504,0,0
20260528,20260517__Anthropic__Opus4_8__LinearNeutral,VLO,-0.54901427,369,-115.81,ranked,369,/Users/xiaoyusun/AgentStockBenchmarkResults/data/universe/20260528.txt,20260528,504,504,0,0
20260528,20260517__Anthropic__Opus4_8__LinearNeutral,ALLE,-0.55882636,370,-116.8,ranked,370,/Users/xiaoyusun/AgentStockBenchmarkResults/data/universe/20260528.txt,20260528,504,504,0,0
20260528,20260517__Anthropic__Opus4_8__LinearNeutral,NDAQ,-0.56124088,371,-117.79,ranked,371,/Users/xiaoyusun/AgentStockBenchmarkResults/data/universe/20260528.txt,20260528,504,504,0,0
20260528,20260517__Anthropic__Opus4_8__LinearNeutral,DE,-0.56871379,372,-118.79,ranked,372,/Users/xiaoyusun/AgentStockBenchmarkResults/data/universe/20260528.txt,20260528,504,504,0,0
20260528,20260517__Anthropic__Opus4_8__LinearNeutral,FOX,-0.57073132,373,-119.78,ranked,373,/Users/xiaoyusun/AgentStockBenchmarkResults/data/universe/20260528.txt,20260528,504,504,0,0
20260528,20260517__Anthropic__Opus4_8__LinearNeutral,ZBH,-0.57266215,374,-120.78,ranked,374,/Users/xiaoyusun/AgentStockBenchmarkResults/data/universe/20260528.txt,20260528,504,504,0,0
20260528,20260517__Anthropic__Opus4_8__LinearNeutral,GE,-0.58112547,375,-121.77,ranked,375,/Users/xiaoyusun/AgentStockBenchmarkResults/data/universe/20260528.txt,20260528,504,504,0,0
20260528,20260517__Anthropic__Opus4_8__LinearNeutral,CNC,-0.58164472,376,-122.76,ranked,376,/Users/xiaoyusun/AgentStockBenchmarkResults/data/universe/20260528.txt,20260528,504,504,0,0
20260528,20260517__Anthropic__Opus4_8__LinearNeutral,CAG,-0.58350328,377,-123.76,ranked,377,/Users/xiaoyusun/AgentStockBenchmarkResults/data/universe/20260528.txt,20260528,504,504,0,0
20260528,20260517__Anthropic__Opus4_8__LinearNeutral,KHC,-0.58465039,378,-124.75,ranked,378,/Users/xiaoyusun/AgentStockBenchmarkResults/data/universe/20260528.txt,20260528,504,504,0,0
20260528,20260517__Anthropic__Opus4_8__LinearNeutral,AJG,-0.58706519,379,-125.75,ranked,379,/Users/xiaoyusun/AgentStockBenchmarkResults/data/universe/20260528.txt,20260528,504,504,0,0
20260528,20260517__Anthropic__Opus4_8__LinearNeutral,EXE,-0.59507932,380,-126.74,ranked,380,/Users/xiaoyusun/AgentStockBenchmarkResults/data/universe/20260528.txt,20260528,504,504,0,0
20260528,20260517__Anthropic__Opus4_8__LinearNeutral,FISV,-0.59949623,381,-127.73,ranked,381,/Users/xiaoyusun/AgentStockBenchmarkResults/data/universe/20260528.txt,20260528,504,504,0,0
20260528,20260517__Anthropic__Opus4_8__LinearNeutral,ELV,-0.60330017,382,-128.73,ranked,382,/Users/xiaoyusun/AgentStockBenchmarkResults/data/universe/20260528.txt,20260528,504,504,0,0
20260528,20260517__Anthropic__Opus4_8__LinearNeutral,AMZN,-0.60845126,383,-129.72,ranked,383,/Users/xiaoyusun/AgentStockBenchmarkResults/data/universe/20260528.txt,20260528,504,504,0,0
20260528,20260517__Anthropic__Opus4_8__LinearNeutral,CL,-0.60966215,384,-130.72,ranked,384,/Users/xiaoyusun/AgentStockBenchmarkResults/data/universe/20260528.txt,20260528,504,504,0,0
20260528,20260517__Anthropic__Opus4_8__LinearNeutral,MAA,-0.61574082,385,-131.71,ranked,385,/Users/xiaoyusun/AgentStockBenchmarkResults/data/universe/20260528.txt,20260528,504,504,0,0
20260528,20260517__Anthropic__Opus4_8__LinearNeutral,ROP,-0.62458982,386,-132.7,ranked,386,/Users/xiaoyusun/AgentStockBenchmarkResults/data/universe/20260528.txt,20260528,504,504,0,0
20260528,20260517__Anthropic__Opus4_8__LinearNeutral,AVY,-0.6349908,387,-133.7,ranked,387,/Users/xiaoyusun/AgentStockBenchmarkResults/data/universe/20260528.txt,20260528,504,504,0,0
20260528,20260517__Anthropic__Opus4_8__LinearNeutral,LYB,-0.63956808,388,-134.69,ranked,388,/Users/xiaoyusun/AgentStockBenchmarkResults/data/universe/20260528.txt,20260528,504,504,0,0
20260528,20260517__Anthropic__Opus4_8__LinearNeutral,NVR,-0.64012348,389,-135.69,ranked,389,/Users/xiaoyusun/AgentStockBenchmarkResults/data/universe/20260528.txt,20260528,504,504,0,0
20260528,20260517__Anthropic__Opus4_8__LinearNeutral,WFC,-0.64205312,390,-136.68,ranked,390,/Users/xiaoyusun/AgentStockBenchmarkResults/data/universe/20260528.txt,20260528,504,504,0,0
20260528,20260517__Anthropic__Opus4_8__LinearNeutral,ISRG,-0.64325244,391,-137.67,ranked,391,/Users/xiaoyusun/AgentStockBenchmarkResults/data/universe/20260528.txt,20260528,504,504,0,0
20260528,20260517__Anthropic__Opus4_8__LinearNeutral,PSX,-0.64386374,392,-138.67,ranked,392,/Users/xiaoyusun/AgentStockBenchmarkResults/data/universe/20260528.txt,20260528,504,504,0,0
20260528,20260517__Anthropic__Opus4_8__LinearNeutral,GIS,-0.64765744,393,-139.66,ranked,393,/Users/xiaoyusun/AgentStockBenchmarkResults/data/universe/20260528.txt,20260528,504,504,0,0
20260528,20260517__Anthropic__Opus4_8__LinearNeutral,FIS,-0.65271351,394,-140.66,ranked,394,/Users/xiaoyusun/AgentStockBenchmarkResults/data/universe/20260528.txt,20260528,504,504,0,0
20260528,20260517__Anthropic__Opus4_8__LinearNeutral,EMR,-0.65884113,395,-141.65,ranked,395,/Users/xiaoyusun/AgentStockBenchmarkResults/data/universe/20260528.txt,20260528,504,504,0,0
20260528,20260517__Anthropic__Opus4_8__LinearNeutral,CHTR,-0.66658048,396,-142.64,ranked,396,/Users/xiaoyusun/AgentStockBenchmarkResults/data/universe/20260528.txt,20260528,504,504,0,0
20260528,20260517__Anthropic__Opus4_8__LinearNeutral,GS,-0.67914111,397,-143.64,ranked,397,/Users/xiaoyusun/AgentStockBenchmarkResults/data/universe/20260528.txt,20260528,504,504,0,0
20260528,20260517__Anthropic__Opus4_8__LinearNeutral,ARE,-0.67984727,398,-144.63,ranked,398,/Users/xiaoyusun/AgentStockBenchmarkResults/data/universe/20260528.txt,20260528,504,504,0,0
20260528,20260517__Anthropic__Opus4_8__LinearNeutral,GPN,-0.70228276,399,-145.63,ranked,399,/Users/xiaoyusun/AgentStockBenchmarkResults/data/universe/20260528.txt,20260528,504,504,0,0
20260528,20260517__Anthropic__Opus4_8__LinearNeutral,CDW,-0.70795824,400,-146.62,ranked,400,/Users/xiaoyusun/AgentStockBenchmarkResults/data/universe/20260528.txt,20260528,504,504,0,0
20260528,20260517__Anthropic__Opus4_8__LinearNeutral,MAS,-0.71697039,401,-147.61,ranked,401,/Users/xiaoyusun/AgentStockBenchmarkResults/data/universe/20260528.txt,20260528,504,504,0,0
20260528,20260517__Anthropic__Opus4_8__LinearNeutral,DVA,-0.72741231,402,-148.61,ranked,402,/Users/xiaoyusun/AgentStockBenchmarkResults/data/universe/20260528.txt,20260528,504,504,0,0
20260528,20260517__Anthropic__Opus4_8__LinearNeutral,MPC,-0.72770423,403,-149.6,ranked,403,/Users/xiaoyusun/AgentStockBenchmarkResults/data/universe/20260528.txt,20260528,504,504,0,0
20260528,20260517__Anthropic__Opus4_8__LinearNeutral,FDS,-0.73760373,404,-150.6,ranked,404,/Users/xiaoyusun/AgentStockBenchmarkResults/data/universe/20260528.txt,20260528,504,504,0,0
20260528,20260517__Anthropic__Opus4_8__LinearNeutral,BKR,-0.74057331,405,-151.59,ranked,405,/Users/xiaoyusun/AgentStockBenchmarkResults/data/universe/20260528.txt,20260528,504,504,0,0
20260528,20260517__Anthropic__Opus4_8__LinearNeutral,GPC,-0.74498399,406,-152.58,ranked,406,/Users/xiaoyusun/AgentStockBenchmarkResults/data/universe/20260528.txt,20260528,504,504,0,0
20260528,20260517__Anthropic__Opus4_8__LinearNeutral,IT,-0.75642676,407,-153.58,ranked,407,/Users/xiaoyusun/AgentStockBenchmarkResults/data/universe/20260528.txt,20260528,504,504,0,0
20260528,20260517__Anthropic__Opus4_8__LinearNeutral,BNY,-0.75700308,408,-154.57,ranked,408,/Users/xiaoyusun/AgentStockBenchmarkResults/data/universe/20260528.txt,20260528,504,504,0,0
20260528,20260517__Anthropic__Opus4_8__LinearNeutral,VRSK,-0.76912175,409,-155.57,ranked,409,/Users/xiaoyusun/AgentStockBenchmarkResults/data/universe/20260528.txt,20260528,504,504,0,0
20260528,20260517__Anthropic__Opus4_8__LinearNeutral,IBM,-0.77442855,410,-156.56,ranked,410,/Users/xiaoyusun/AgentStockBenchmarkResults/data/universe/20260528.txt,20260528,504,504,0,0
20260528,20260517__Anthropic__Opus4_8__LinearNeutral,MGM,-0.78590301,411,-157.55,ranked,411,/Users/xiaoyusun/AgentStockBenchmarkResults/data/universe/20260528.txt,20260528,504,504,0,0
20260528,20260517__Anthropic__Opus4_8__LinearNeutral,RCL,-0.78947023,412,-158.55,ranked,412,/Users/xiaoyusun/AgentStockBenchmarkResults/data/universe/20260528.txt,20260528,504,504,0,0
20260528,20260517__Anthropic__Opus4_8__LinearNeutral,EBAY,-0.80263747,413,-159.54,ranked,413,/Users/xiaoyusun/AgentStockBenchmarkResults/data/universe/20260528.txt,20260528,504,504,0,0
20260528,20260517__Anthropic__Opus4_8__LinearNeutral,SNA,-0.82576782,414,-160.54,ranked,414,/Users/xiaoyusun/AgentStockBenchmarkResults/data/universe/20260528.txt,20260528,504,504,0,0
20260528,20260517__Anthropic__Opus4_8__LinearNeutral,AXP,-0.83187836,415,-161.53,ranked,415,/Users/xiaoyusun/AgentStockBenchmarkResults/data/universe/20260528.txt,20260528,504,504,0,0
20260528,20260517__Anthropic__Opus4_8__LinearNeutral,MOS,-0.8383379,416,-162.52,ranked,416,/Users/xiaoyusun/AgentStockBenchmarkResults/data/universe/20260528.txt,20260528,504,504,0,0
20260528,20260517__Anthropic__Opus4_8__LinearNeutral,FICO,-0.83915605,417,-163.52,ranked,417,/Users/xiaoyusun/AgentStockBenchmarkResults/data/universe/20260528.txt,20260528,504,504,0,0
20260528,20260517__Anthropic__Opus4_8__LinearNeutral,CPRT,-0.84680064,418,-164.51,ranked,418,/Users/xiaoyusun/AgentStockBenchmarkResults/data/universe/20260528.txt,20260528,504,504,0,0
20260528,20260517__Anthropic__Opus4_8__LinearNeutral,HUM,-0.85284533,419,-165.51,ranked,419,/Users/xiaoyusun/AgentStockBenchmarkResults/data/universe/20260528.txt,20260528,504,504,0,0
20260528,20260517__Anthropic__Opus4_8__LinearNeutral,CTVA,-0.85429348,420,-166.5,ranked,420,/Users/xiaoyusun/AgentStockBenchmarkResults/data/universe/20260528.txt,20260528,504,504,0,0
20260528,20260517__Anthropic__Opus4_8__LinearNeutral,SMCI,-0.85535021,421,-167.5,ranked,421,/Users/xiaoyusun/AgentStockBenchmarkResults/data/universe/20260528.txt,20260528,504,504,0,0
20260528,20260517__Anthropic__Opus4_8__LinearNeutral,IVZ,-0.85773248,422,-168.49,ranked,422,/Users/xiaoyusun/AgentStockBenchmarkResults/data/universe/20260528.txt,20260528,504,504,0,0
20260528,20260517__Anthropic__Opus4_8__LinearNeutral,HSIC,-0.86086631,423,-169.48,ranked,423,/Users/xiaoyusun/AgentStockBenchmarkResults/data/universe/20260528.txt,20260528,504,504,0,0
20260528,20260517__Anthropic__Opus4_8__LinearNeutral,F,-0.87408033,424,-170.48,ranked,424,/Users/xiaoyusun/AgentStockBenchmarkResults/data/universe/20260528.txt,20260528,504,504,0,0
20260528,20260517__Anthropic__Opus4_8__LinearNeutral,UPS,-0.89433906,425,-171.47,ranked,425,/Users/xiaoyusun/AgentStockBenchmarkResults/data/universe/20260528.txt,20260528,504,504,0,0
20260528,20260517__Anthropic__Opus4_8__LinearNeutral,ABT,-0.89508108,426,-172.47,ranked,426,/Users/xiaoyusun/AgentStockBenchmarkResults/data/universe/20260528.txt,20260528,504,504,0,0
20260528,20260517__Anthropic__Opus4_8__LinearNeutral,TYL,-0.92141056,427,-173.46,ranked,427,/Users/xiaoyusun/AgentStockBenchmarkResults/data/universe/20260528.txt,20260528,504,504,0,0
20260528,20260517__Anthropic__Opus4_8__LinearNeutral,HD,-0.9230827,428,-174.45,ranked,428,/Users/xiaoyusun/AgentStockBenchmarkResults/data/universe/20260528.txt,20260528,504,504,0,0
20260528,20260517__Anthropic__Opus4_8__LinearNeutral,AMT,-0.94495447,429,-175.45,ranked,429,/Users/xiaoyusun/AgentStockBenchmarkResults/data/universe/20260528.txt,20260528,504,504,0,0
20260528,20260517__Anthropic__Opus4_8__LinearNeutral,SWKS,-0.95626929,430,-176.44,ranked,430,/Users/xiaoyusun/AgentStockBenchmarkResults/data/universe/20260528.txt,20260528,504,504,0,0
20260528,20260517__Anthropic__Opus4_8__LinearNeutral,STE,-0.9956942,431,-177.44,ranked,431,/Users/xiaoyusun/AgentStockBenchmarkResults/data/universe/20260528.txt,20260528,504,504,0,0
20260528,20260517__Anthropic__Opus4_8__LinearNeutral,ACN,-1.0015289,432,-178.43,ranked,432,/Users/xiaoyusun/AgentStockBenchmarkResults/data/universe/20260528.txt,20260528,504,504,0,0
20260528,20260517__Anthropic__Opus4_8__LinearNeutral,PYPL,-1.00527854,433,-179.42,ranked,433,/Users/xiaoyusun/AgentStockBenchmarkResults/data/universe/20260528.txt,20260528,504,504,0,0
20260528,20260517__Anthropic__Opus4_8__LinearNeutral,EXR,-1.00981028,434,-180.42,ranked,434,/Users/xiaoyusun/AgentStockBenchmarkResults/data/universe/20260528.txt,20260528,504,504,0,0
20260528,20260517__Anthropic__Opus4_8__LinearNeutral,BA,-1.02082851,435,-181.41,ranked,435,/Users/xiaoyusun/AgentStockBenchmarkResults/data/universe/20260528.txt,20260528,504,504,0,0
20260528,20260517__Anthropic__Opus4_8__LinearNeutral,ADP,-1.02446892,436,-182.41,ranked,436,/Users/xiaoyusun/AgentStockBenchmarkResults/data/universe/20260528.txt,20260528,504,504,0,0
20260528,20260517__Anthropic__Opus4_8__LinearNeutral,QCOM,-1.02846295,437,-183.4,ranked,437,/Users/xiaoyusun/AgentStockBenchmarkResults/data/universe/20260528.txt,20260528,504,504,0,0
20260528,20260517__Anthropic__Opus4_8__LinearNeutral,ADBE,-1.02905978,438,-184.39,ranked,438,/Users/xiaoyusun/AgentStockBenchmarkResults/data/universe/20260528.txt,20260528,504,504,0,0
20260528,20260517__Anthropic__Opus4_8__LinearNeutral,NOC,-1.05188187,439,-185.39,ranked,439,/Users/xiaoyusun/AgentStockBenchmarkResults/data/universe/20260528.txt,20260528,504,504,0,0
20260528,20260517__Anthropic__Opus4_8__LinearNeutral,PAYX,-1.0615083,440,-186.38,ranked,440,/Users/xiaoyusun/AgentStockBenchmarkResults/data/universe/20260528.txt,20260528,504,504,0,0
20260528,20260517__Anthropic__Opus4_8__LinearNeutral,PSKY,-1.07135864,441,-187.38,ranked,441,/Users/xiaoyusun/AgentStockBenchmarkResults/data/universe/20260528.txt,20260528,504,504,0,0
20260528,20260517__Anthropic__Opus4_8__LinearNeutral,LMT,-1.07909073,442,-188.37,ranked,442,/Users/xiaoyusun/AgentStockBenchmarkResults/data/universe/20260528.txt,20260528,504,504,0,0
20260528,20260517__Anthropic__Opus4_8__LinearNeutral,APTV,-1.08544733,443,-189.36,ranked,443,/Users/xiaoyusun/AgentStockBenchmarkResults/data/universe/20260528.txt,20260528,504,504,0,0
20260528,20260517__Anthropic__Opus4_8__LinearNeutral,TSCO,-1.12239293,444,-190.36,ranked,444,/Users/xiaoyusun/AgentStockBenchmarkResults/data/universe/20260528.txt,20260528,504,504,0,0
20260528,20260517__Anthropic__Opus4_8__LinearNeutral,EA,-1.12918326,445,-191.35,ranked,445,/Users/xiaoyusun/AgentStockBenchmarkResults/data/universe/20260528.txt,20260528,504,504,0,0
20260528,20260517__Anthropic__Opus4_8__LinearNeutral,RTX,-1.16235115,446,-192.35,ranked,446,/Users/xiaoyusun/AgentStockBenchmarkResults/data/universe/20260528.txt,20260528,504,504,0,0
20260528,20260517__Anthropic__Opus4_8__LinearNeutral,APP,-1.17106054,447,-193.34,ranked,447,/Users/xiaoyusun/AgentStockBenchmarkResults/data/universe/20260528.txt,20260528,504,504,0,0
20260528,20260517__Anthropic__Opus4_8__LinearNeutral,IP,-1.17320363,448,-194.33,ranked,448,/Users/xiaoyusun/AgentStockBenchmarkResults/data/universe/20260528.txt,20260528,504,504,0,0
20260528,20260517__Anthropic__Opus4_8__LinearNeutral,TPR,-1.19763161,449,-195.33,ranked,449,/Users/xiaoyusun/AgentStockBenchmarkResults/data/universe/20260528.txt,20260528,504,504,0,0
20260528,20260517__Anthropic__Opus4_8__LinearNeutral,SYY,-1.21165707,450,-196.32,ranked,450,/Users/xiaoyusun/AgentStockBenchmarkResults/data/universe/20260528.txt,20260528,504,504,0,0
20260528,20260517__Anthropic__Opus4_8__LinearNeutral,LLY,-1.21626827,451,-197.32,ranked,451,/Users/xiaoyusun/AgentStockBenchmarkResults/data/universe/20260528.txt,20260528,504,504,0,0
20260528,20260517__Anthropic__Opus4_8__LinearNeutral,J,-1.22719989,452,-198.31,ranked,452,/Users/xiaoyusun/AgentStockBenchmarkResults/data/universe/20260528.txt,20260528,504,504,0,0
20260528,20260517__Anthropic__Opus4_8__LinearNeutral,BG,-1.23166196,453,-199.3,ranked,453,/Users/xiaoyusun/AgentStockBenchmarkResults/data/universe/20260528.txt,20260528,504,504,0,0
20260528,20260517__Anthropic__Opus4_8__LinearNeutral,FCX,-1.23813275,454,-200.3,ranked,454,/Users/xiaoyusun/AgentStockBenchmarkResults/data/universe/20260528.txt,20260528,504,504,0,0
20260528,20260517__Anthropic__Opus4_8__LinearNeutral,ABNB,-1.24611201,455,-201.29,ranked,455,/Users/xiaoyusun/AgentStockBenchmarkResults/data/universe/20260528.txt,20260528,504,504,0,0
20260528,20260517__Anthropic__Opus4_8__LinearNeutral,SW,-1.25956624,456,-202.29,ranked,456,/Users/xiaoyusun/AgentStockBenchmarkResults/data/universe/20260528.txt,20260528,504,504,0,0
20260528,20260517__Anthropic__Opus4_8__LinearNeutral,ULTA,-1.26010694,457,-203.28,ranked,457,/Users/xiaoyusun/AgentStockBenchmarkResults/data/universe/20260528.txt,20260528,504,504,0,0
20260528,20260517__Anthropic__Opus4_8__LinearNeutral,DGX,-1.2648867,458,-204.27,ranked,458,/Users/xiaoyusun/AgentStockBenchmarkResults/data/universe/20260528.txt,20260528,504,504,0,0
20260528,20260517__Anthropic__Opus4_8__LinearNeutral,CPB,-1.2905362,459,-205.27,ranked,459,/Users/xiaoyusun/AgentStockBenchmarkResults/data/universe/20260528.txt,20260528,504,504,0,0
20260528,20260517__Anthropic__Opus4_8__LinearNeutral,CTAS,-1.30776642,460,-206.26,ranked,460,/Users/xiaoyusun/AgentStockBenchmarkResults/data/universe/20260528.txt,20260528,504,504,0,0
20260528,20260517__Anthropic__Opus4_8__LinearNeutral,DXCM,-1.31763186,461,-207.26,ranked,461,/Users/xiaoyusun/AgentStockBenchmarkResults/data/universe/20260528.txt,20260528,504,504,0,0
20260528,20260517__Anthropic__Opus4_8__LinearNeutral,TECH,-1.32099123,462,-208.25,ranked,462,/Users/xiaoyusun/AgentStockBenchmarkResults/data/universe/20260528.txt,20260528,504,504,0,0
20260528,20260517__Anthropic__Opus4_8__LinearNeutral,APH,-1.32678666,463,-209.24,ranked,463,/Users/xiaoyusun/AgentStockBenchmarkResults/data/universe/20260528.txt,20260528,504,504,0,0
20260528,20260517__Anthropic__Opus4_8__LinearNeutral,ABBV,-1.32857684,464,-210.24,ranked,464,/Users/xiaoyusun/AgentStockBenchmarkResults/data/universe/20260528.txt,20260528,504,504,0,0
20260528,20260517__Anthropic__Opus4_8__LinearNeutral,TDG,-1.3551743,465,-211.23,ranked,465,/Users/xiaoyusun/AgentStockBenchmarkResults/data/universe/20260528.txt,20260528,504,504,0,0
20260528,20260517__Anthropic__Opus4_8__LinearNeutral,COIN,-1.37263459,466,-212.23,ranked,466,/Users/xiaoyusun/AgentStockBenchmarkResults/data/universe/20260528.txt,20260528,504,504,0,0
20260528,20260517__Anthropic__Opus4_8__LinearNeutral,SBAC,-1.41155722,467,-213.22,ranked,467,/Users/xiaoyusun/AgentStockBenchmarkResults/data/universe/20260528.txt,20260528,504,504,0,0
20260528,20260517__Anthropic__Opus4_8__LinearNeutral,MTD,-1.42892885,468,-214.21,ranked,468,/Users/xiaoyusun/AgentStockBenchmarkResults/data/universe/20260528.txt,20260528,504,504,0,0
20260528,20260517__Anthropic__Opus4_8__LinearNeutral,GILD,-1.43021582,469,-215.21,ranked,469,/Users/xiaoyusun/AgentStockBenchmarkResults/data/universe/20260528.txt,20260528,504,504,0,0
20260528,20260517__Anthropic__Opus4_8__LinearNeutral,BR,-1.44266814,470,-216.2,ranked,470,/Users/xiaoyusun/AgentStockBenchmarkResults/data/universe/20260528.txt,20260528,504,504,0,0
20260528,20260517__Anthropic__Opus4_8__LinearNeutral,LHX,-1.45109,471,-217.2,ranked,471,/Users/xiaoyusun/AgentStockBenchmarkResults/data/universe/20260528.txt,20260528,504,504,0,0
20260528,20260517__Anthropic__Opus4_8__LinearNeutral,WDAY,-1.45126366,472,-218.19,ranked,472,/Users/xiaoyusun/AgentStockBenchmarkResults/data/universe/20260528.txt,20260528,504,504,0,0
20260528,20260517__Anthropic__Opus4_8__LinearNeutral,LH,-1.53701392,473,-219.18,ranked,473,/Users/xiaoyusun/AgentStockBenchmarkResults/data/universe/20260528.txt,20260528,504,504,0,0
20260528,20260517__Anthropic__Opus4_8__LinearNeutral,SJM,-1.54917062,474,-220.18,ranked,474,/Users/xiaoyusun/AgentStockBenchmarkResults/data/universe/20260528.txt,20260528,504,504,0,0
20260528,20260517__Anthropic__Opus4_8__LinearNeutral,IDXX,-1.55727288,475,-221.17,ranked,475,/Users/xiaoyusun/AgentStockBenchmarkResults/data/universe/20260528.txt,20260528,504,504,0,0
20260528,20260517__Anthropic__Opus4_8__LinearNeutral,WST,-1.60983216,476,-222.17,ranked,476,/Users/xiaoyusun/AgentStockBenchmarkResults/data/universe/20260528.txt,20260528,504,504,0,0
20260528,20260517__Anthropic__Opus4_8__LinearNeutral,PANW,-1.66221318,477,-223.16,ranked,477,/Users/xiaoyusun/AgentStockBenchmarkResults/data/universe/20260528.txt,20260528,504,504,0,0
20260528,20260517__Anthropic__Opus4_8__LinearNeutral,XYZ,-1.6876218,478,-224.16,ranked,478,/Users/xiaoyusun/AgentStockBenchmarkResults/data/universe/20260528.txt,20260528,504,504,0,0
20260528,20260517__Anthropic__Opus4_8__LinearNeutral,TDY,-1.69615894,479,-225.15,ranked,479,/Users/xiaoyusun/AgentStockBenchmarkResults/data/universe/20260528.txt,20260528,504,504,0,0
20260528,20260517__Anthropic__Opus4_8__LinearNeutral,CRWD,-1.73862786,480,-226.14,ranked,480,/Users/xiaoyusun/AgentStockBenchmarkResults/data/universe/20260528.txt,20260528,504,504,0,0
20260528,20260517__Anthropic__Opus4_8__LinearNeutral,DG,-1.82974544,481,-227.14,ranked,481,/Users/xiaoyusun/AgentStockBenchmarkResults/data/universe/20260528.txt,20260528,504,504,0,0
20260528,20260517__Anthropic__Opus4_8__LinearNeutral,NKE,-1.83214247,482,-228.13,ranked,482,/Users/xiaoyusun/AgentStockBenchmarkResults/data/universe/20260528.txt,20260528,504,504,0,0
20260528,20260517__Anthropic__Opus4_8__LinearNeutral,GD,-1.85409992,483,-229.13,ranked,483,/Users/xiaoyusun/AgentStockBenchmarkResults/data/universe/20260528.txt,20260528,504,504,0,0
20260528,20260517__Anthropic__Opus4_8__LinearNeutral,VRTX,-1.87162866,484,-230.12,ranked,484,/Users/xiaoyusun/AgentStockBenchmarkResults/data/universe/20260528.txt,20260528,504,504,0,0
20260528,20260517__Anthropic__Opus4_8__LinearNeutral,MSFT,-1.91868878,485,-231.11,ranked,485,/Users/xiaoyusun/AgentStockBenchmarkResults/data/universe/20260528.txt,20260528,504,504,0,0
20260528,20260517__Anthropic__Opus4_8__LinearNeutral,NOW,-1.92257394,486,-232.11,ranked,486,/Users/xiaoyusun/AgentStockBenchmarkResults/data/universe/20260528.txt,20260528,504,504,0,0
20260528,20260517__Anthropic__Opus4_8__LinearNeutral,VEEV,-1.9313649,487,-233.1,ranked,487,/Users/xiaoyusun/AgentStockBenchmarkResults/data/universe/20260528.txt,20260528,504,504,0,0
20260528,20260517__Anthropic__Opus4_8__LinearNeutral,WAT,-2.02013533,488,-234.1,ranked,488,/Users/xiaoyusun/AgentStockBenchmarkResults/data/universe/20260528.txt,20260528,504,504,0,0
20260528,20260517__Anthropic__Opus4_8__LinearNeutral,ORCL,-2.04953626,489,-235.09,ranked,489,/Users/xiaoyusun/AgentStockBenchmarkResults/data/universe/20260528.txt,20260528,504,504,0,0
20260528,20260517__Anthropic__Opus4_8__LinearNeutral,ALGN,-2.12988689,490,-236.08,ranked,490,/Users/xiaoyusun/AgentStockBenchmarkResults/data/universe/20260528.txt,20260528,504,504,0,0
20260528,20260517__Anthropic__Opus4_8__LinearNeutral,FSLR,-2.18880631,491,-237.08,ranked,491,/Users/xiaoyusun/AgentStockBenchmarkResults/data/universe/20260528.txt,20260528,504,504,0,0
20260528,20260517__Anthropic__Opus4_8__LinearNeutral,BBY,-2.19633489,492,-238.07,ranked,492,/Users/xiaoyusun/AgentStockBenchmarkResults/data/universe/20260528.txt,20260528,504,504,0,0
20260528,20260517__Anthropic__Opus4_8__LinearNeutral,MSCI,-2.20547821,493,-239.07,ranked,493,/Users/xiaoyusun/AgentStockBenchmarkResults/data/universe/20260528.txt,20260528,504,504,0,0
20260528,20260517__Anthropic__Opus4_8__LinearNeutral,HOOD,-2.30694241,494,-240.06,ranked,494,/Users/xiaoyusun/AgentStockBenchmarkResults/data/universe/20260528.txt,20260528,504,504,0,0
20260528,20260517__Anthropic__Opus4_8__LinearNeutral,DLTR,-2.41999852,495,-241.05,ranked,495,/Users/xiaoyusun/AgentStockBenchmarkResults/data/universe/20260528.txt,20260528,504,504,0,0
20260528,20260517__Anthropic__Opus4_8__LinearNeutral,TMO,-2.51707176,496,-242.05,ranked,496,/Users/xiaoyusun/AgentStockBenchmarkResults/data/universe/20260528.txt,20260528,504,504,0,0
20260528,20260517__Anthropic__Opus4_8__LinearNeutral,DHR,-2.51770165,497,-243.04,ranked,497,/Users/xiaoyusun/AgentStockBenchmarkResults/data/universe/20260528.txt,20260528,504,504,0,0
20260528,20260517__Anthropic__Opus4_8__LinearNeutral,PLTR,-2.57281535,498,-244.04,ranked,498,/Users/xiaoyusun/AgentStockBenchmarkResults/data/universe/20260528.txt,20260528,504,504,0,0
20260528,20260517__Anthropic__Opus4_8__LinearNeutral,CRL,-2.58175296,499,-245.03,ranked,499,/Users/xiaoyusun/AgentStockBenchmarkResults/data/universe/20260528.txt,20260528,504,504,0,0
20260528,20260517__Anthropic__Opus4_8__LinearNeutral,IQV,-2.84105902,500,-246.02,ranked,500,/Users/xiaoyusun/AgentStockBenchmarkResults/data/universe/20260528.txt,20260528,504,504,0,0
20260528,20260517__Anthropic__Opus4_8__LinearNeutral,AXON,-2.84686973,501,-247.02,ranked,501,/Users/xiaoyusun/AgentStockBenchmarkResults/data/universe/20260528.txt,20260528,504,504,0,0
20260528,20260517__Anthropic__Opus4_8__LinearNeutral,A,-3.01433312,502,-248.01,ranked,502,/Users/xiaoyusun/AgentStockBenchmarkResults/data/universe/20260528.txt,20260528,504,504,0,0
20260528,20260517__Anthropic__Opus4_8__LinearNeutral,TKO,-3.10650423,503,-249.01,ranked,503,/Users/xiaoyusun/AgentStockBenchmarkResults/data/universe/20260528.txt,20260528,504,504,0,0
20260528,20260517__Anthropic__Opus4_8__LinearNeutral,HRL,-3.40037764,504,-250.0,ranked,504,/Users/xiaoyusun/AgentStockBenchmarkResults/data/universe/20260528.txt,20260528,504,504,0,0
